Month,Day Time,Delayed Trains,On-Time Trips,On-Time Performance,Delayed Trains (With Boat),On-Time Trips (With Boat),On-Time Performance (With Boat),Scheduled Trips,Incomplete Trips,Trip Complete Percentage,Year,Month_Number,Month_Name,Quarter,Season,OTP_Lag_1,OTP_Lag_2,OTP_Lag_3,Delayed_Trains_Lag_1,Scheduled_Trips_Lag_1,OTP_Rolling_3,OTP_Rolling_6,Delayed_Trains_Rolling_3,Delay_Rate,Next_Month_OTP,total_snowfall_cm,max_daily_snowfall_cm,snow_days,total_precip_mm,mean_temp_c,min_temp_c,freezing_days,max_wind_kmh
2006-07-01,7-Day,104,3362,0.97,192,3274,0.945,3466,26.0,99.2,2006,7,July,3,Summer,0.983,0.968,0.965,61.0,3490.0,0.972,0.9748333333333332,97.66666666666669,0.03000577034045,0.971,0.0,0.0,0,93.3,24.125806451612902,15.6,0,20.5
2006-08-01,7-Day,105,3506,0.971,160,3451,0.956,3611,0.0,100.0,2006,8,August,3,Summer,0.97,0.983,0.968,104.0,3466.0,0.9736666666666668,0.9783333333333334,92.66666666666669,0.0290778177790085,0.953,0.0,0.0,0,152.2,18.28666666666667,8.6,0,39.3
2006-09-01,7-Day,159,3228,0.953,220,3167,0.935,3387,0.0,100.0,2006,9,September,3,Fall,0.971,0.97,0.983,105.0,3611.0,0.9746666666666668,0.9761666666666668,90.0,0.0469441984056687,0.955,0.0,0.0,0,108.1,12.52258064516129,0.6,0,35.3
2006-10-01,7-Day,159,3401,0.955,220,3340,0.938,3560,38.0,98.9,2006,10,October,4,Fall,0.953,0.971,0.97,159.0,3387.0,0.9646666666666668,0.9683333333333332,122.66666666666669,0.0446629213483146,0.93,0.0,0.0,0,118.2,9.633333333333333,0.1,0,33.7
2006-11-01,7-Day,239,3197,0.93,303,3133,0.912,3436,20.0,99.4,2006,11,November,4,Fall,0.955,0.953,0.971,159.0,3560.0,0.9596666666666668,0.9666666666666668,141.0,0.069557625145518,0.98,0.0,0.0,0,40.4,4.987096774193549,-6.8,12,35.9
2006-12-01,7-Day,68,3359,0.98,118,3309,0.966,3427,2.0,99.9,2006,12,December,4,Winter,0.93,0.955,0.953,239.0,3436.0,0.946,0.9603333333333334,185.66666666666663,0.0198424277793988,0.984,3.92,1.33,8,77.8,2.5,-12.0,20,36.3
2007-01-01,7-Day,55,3461,0.984,115,3401,0.967,3516,0.0,100.0,2007,1,January,1,Winter,0.98,0.93,0.955,68.0,3427.0,0.955,0.9598333333333332,155.33333333333334,0.0156427758816837,0.993,16.66,8.12,6,62.4,-3.1750000000000003,-13.7,28,36.7
2007-02-01,7-Day,21,3116,0.993,55,3082,0.982,3137,0.0,100.0,2007,2,February,1,Winter,0.984,0.98,0.93,55.0,3516.0,0.9646666666666668,0.9621666666666666,120.66666666666669,0.0066942939113803,0.982,12.25,10.43,4,115.6,3.9612903225806457,-12.2,17,33.4
2007-03-01,7-Day,63,3458,0.982,110,3411,0.969,3521,5.0,99.9,2007,3,March,1,Spring,0.993,0.984,0.98,21.0,3137.0,0.9856666666666666,0.9658333333333332,48.0,0.0178926441351888,0.989,0.0,0.0,0,205.1,8.45,-2.7,6,32.2
2007-04-01,7-Day,37,3352,0.989,66,3323,0.981,3389,1.0,100.0,2007,4,April,2,Spring,0.982,0.993,0.984,63.0,3521.0,0.9863333333333334,0.9706666666666668,46.333333333333336,0.0109176748303334,0.983,0.0,0.0,0,54.2,16.93548387096774,4.9,0,27.0
2007-05-01,7-Day,60,3458,0.983,110,3408,0.969,3518,2.0,99.9,2007,5,May,2,Spring,0.989,0.982,0.993,37.0,3389.0,0.988,0.9763333333333334,40.333333333333336,0.0170551449687322,0.972,0.0,0.0,0,56.5,21.613333333333333,12.4,0,26.5
2007-06-01,7-Day,95,3299,0.972,151,3243,0.956,3394,11.0,99.7,2007,6,June,2,Summer,0.983,0.989,0.982,60.0,3518.0,0.9846666666666668,0.9851666666666667,53.333333333333336,0.0279905715969357,0.973,0.0,0.0,0,106.0,23.529032258064515,14.1,0,21.7
2007-07-01,7-Day,92,3378,0.973,173,3297,0.95,3470,16.0,99.5,2007,7,July,3,Summer,0.972,0.983,0.989,95.0,3394.0,0.9813333333333332,0.9838333333333332,64.0,0.0265129682997118,0.969,0.0,0.0,0,116.0,23.377419354838707,15.1,0,22.5
2007-08-01,7-Day,111,3454,0.969,185,3380,0.948,3565,6.0,99.8,2007,8,August,3,Summer,0.973,0.972,0.983,92.0,3470.0,0.976,0.982,82.33333333333333,0.0311360448807854,0.932,0.0,0.0,0,22.799999999999997,20.566666666666663,11.1,0,20.8
2007-09-01,7-Day,223,3077,0.932,308,2992,0.907,3300,4.0,99.9,2007,9,September,3,Fall,0.969,0.973,0.972,111.0,3565.0,0.9713333333333332,0.978,99.33333333333331,0.0675757575757575,0.936,0.0,0.0,0,82.4,16.851612903225806,4.4,0,29.5
2007-10-01,7-Day,228,3335,0.936,348,3215,0.902,3563,20.0,99.4,2007,10,October,4,Fall,0.932,0.969,0.973,223.0,3300.0,0.958,0.9696666666666668,142.0,0.0639910188043783,0.932,0.07,0.07,1,50.0,6.693333333333333,-3.7,5,29.3
2007-11-01,7-Day,232,3160,0.932,384,3008,0.887,3392,0.0,100.0,2007,11,November,4,Fall,0.936,0.932,0.969,228.0,3563.0,0.9456666666666668,0.9608333333333334,187.33333333333337,0.0683962264150943,0.935,7.91,4.97,9,121.9,1.958064516129032,-5.9,20,35.5
2007-12-01,7-Day,241,3459,0.935,370,3330,0.9,3700,0.0,100.0,2007,12,December,4,Winter,0.932,0.936,0.932,232.0,3392.0,0.9333333333333336,0.9523333333333334,227.66666666666663,0.0651351351351351,0.982,7.21,3.36,8,48.2,1.167741935483871,-10.1,22,32.6
2008-01-01,7-Day,69,3750,0.982,120,3699,0.969,3819,0.0,100.0,2008,1,January,1,Winter,0.935,0.932,0.936,241.0,3700.0,0.9343333333333332,0.9461666666666668,233.66666666666663,0.0180675569520816,0.984,13.58,7.7,6,152.4,1.5620689655172413,-11.6,22,34.5
2008-02-01,7-Day,55,3485,0.984,93,3447,0.974,3540,0.0,100.0,2008,2,February,1,Winter,0.982,0.935,0.932,69.0,3819.0,0.9496666666666668,0.9476666666666668,180.66666666666663,0.0155367231638418,0.981,1.82,1.47,2,111.0,4.806451612903226,-4.1,18,39.1
2008-03-01,7-Day,71,3690,0.981,127,3634,0.966,3761,0.0,100.0,2008,3,March,1,Spring,0.984,0.982,0.935,55.0,3540.0,0.967,0.9501666666666668,121.66666666666669,0.0188779579898963,0.975,0.0,0.0,0,61.2,11.23,-1.7,1,31.1
2008-04-01,7-Day,95,3647,0.975,148,3594,0.96,3742,0.0,100.0,2008,4,April,2,Spring,0.981,0.984,0.982,71.0,3761.0,0.9823333333333334,0.9583333333333334,65.0,0.0253874933190807,0.967,0.0,0.0,0,114.4,14.458064516129031,3.3,0,34.4
2008-05-01,7-Day,123,3644,0.967,221,3546,0.941,3767,0.0,100.0,2008,5,May,2,Spring,0.975,0.981,0.984,95.0,3742.0,0.98,0.9648333333333332,73.66666666666667,0.0326519777010884,0.952,0.0,0.0,0,115.0,23.040000000000003,14.0,0,21.3
2008-06-01,7-Day,175,3503,0.952,263,3415,0.928,3678,1.0,100.0,2008,6,June,2,Summer,0.967,0.975,0.981,123.0,3767.0,0.9743333333333334,0.9706666666666668,96.33333333333331,0.0475802066340402,0.984,0.0,0.0,0,82.3,24.97741935483871,17.0,0,21.1
2008-07-01,7-Day,62,3766,0.984,138,3690,0.964,3828,1.0,100.0,2008,7,July,3,Summer,0.952,0.967,0.975,175.0,3678.0,0.9646666666666668,0.9735,131.0,0.0161964472309299,0.945,0.0,0.0,0,68.5,22.26774193548387,14.8,0,17.9
2008-08-01,7-Day,210,3615,0.945,286,3539,0.925,3825,0.0,100.0,2008,8,August,3,Summer,0.984,0.952,0.967,62.0,3828.0,0.9676666666666668,0.9738333333333332,120.0,0.0549019607843137,0.91,0.0,0.0,0,146.2,19.94,11.4,0,33.5
2008-09-01,7-Day,333,3348,0.91,359,3322,0.902,3681,0.0,100.0,2008,9,September,3,Fall,0.945,0.984,0.952,210.0,3825.0,0.9603333333333332,0.9673333333333332,149.0,0.0904645476772616,0.901,0.07,0.07,1,74.7,12.248387096774191,1.4,0,33.8
2008-10-01,7-Day,384,3499,0.901,464,3419,0.881,3883,6.0,99.8,2008,10,October,4,Fall,0.91,0.945,0.984,333.0,3681.0,0.9463333333333334,0.9555,201.66666666666663,0.0988926088076229,0.843,0.21,0.21,1,76.3,6.4766666666666675,-4.6,11,30.2
2008-11-01,7-Day,558,3007,0.843,648,2917,0.818,3565,5.0,99.9,2008,11,November,4,Fall,0.901,0.91,0.945,384.0,3883.0,0.9186666666666666,0.9431666666666666,309.0,0.1565217391304348,0.923,12.11,6.93,8,139.0,2.361290322580645,-11.8,20,34.9
2008-12-01,7-Day,295,3533,0.923,427,3401,0.888,3828,3.0,99.9,2008,12,December,4,Winter,0.843,0.901,0.91,558.0,3565.0,0.8846666666666666,0.9225,425.0,0.0770637408568443,0.96,17.919999999999998,7.28,9,79.3,-2.8677419354838714,-14.3,30,31.1
2009-01-01,7-Day,149,3615,0.96,180,3584,0.952,3764,2.0,99.9,2009,1,January,1,Winter,0.923,0.843,0.901,295.0,3828.0,0.8889999999999999,0.9176666666666664,412.3333333333333,0.0395855472901168,0.949,4.4799999999999995,4.27,3,22.2,1.239285714285714,-12.0,24,40.7
2009-02-01,7-Day,173,3229,0.949,200,3202,0.941,3402,15.0,99.6,2009,2,February,1,Winter,0.96,0.923,0.843,149.0,3764.0,0.9086666666666666,0.9136666666666664,334.0,0.0508524397413286,0.986,14.42,12.32,2,53.599999999999994,4.119354838709677,-12.7,14,31.2
2009-03-01,7-Day,54,3765,0.986,106,3713,0.972,3819,1.0,100.0,2009,3,March,1,Spring,0.949,0.96,0.923,173.0,3402.0,0.944,0.9143333333333334,205.66666666666663,0.01413982717989,0.975,0.0,0.0,0,69.4,10.876666666666669,-0.0,0,37.9
2009-04-01,7-Day,95,3650,0.975,153,3592,0.959,3745,2.0,99.9,2009,4,April,2,Spring,0.986,0.949,0.96,54.0,3819.0,0.965,0.927,125.33333333333331,0.0253671562082777,0.947,0.0,0.0,0,98.0,16.306451612903224,5.9,0,32.5
2009-05-01,7-Day,198,3508,0.947,241,3465,0.935,3706,10.0,99.7,2009,5,May,2,Spring,0.975,0.986,0.949,95.0,3745.0,0.97,0.9393333333333334,107.33333333333331,0.0534268753372908,0.961,0.0,0.0,0,148.0,19.303333333333335,9.4,0,21.1
2009-06-01,7-Day,144,3595,0.961,212,3527,0.943,3739,10.0,99.7,2009,6,June,2,Summer,0.947,0.975,0.986,198.0,3706.0,0.9693333333333332,0.9566666666666668,115.66666666666669,0.0385129713827226,0.966,0.0,0.0,0,122.8,22.364516129032257,14.2,0,22.3
2009-07-01,7-Day,130,3695,0.966,253,3572,0.934,3825,14.0,99.6,2009,7,July,3,Summer,0.961,0.947,0.975,144.0,3739.0,0.961,0.963,145.66666666666666,0.0339869281045751,0.973,0.0,0.0,0,192.6,23.77741935483871,16.6,0,19.4
2009-08-01,7-Day,103,3658,0.973,167,3594,0.956,3761,12.0,99.7,2009,8,August,3,Summer,0.966,0.961,0.947,130.0,3825.0,0.958,0.964,157.33333333333334,0.0273863334219622,0.981,0.0,0.0,0,77.6,18.386666666666667,10.6,0,31.7
2009-09-01,7-Day,69,3615,0.981,138,3546,0.963,3684,7.0,99.8,2009,9,September,3,Fall,0.973,0.966,0.961,103.0,3761.0,0.9666666666666668,0.968,125.66666666666669,0.018729641693811,0.931,0.0,0.0,0,157.6,12.158064516129034,3.0,0,35.0
2009-10-01,7-Day,263,3562,0.931,337,3488,0.912,3825,40.0,99.0,2009,10,October,4,Fall,0.981,0.973,0.966,69.0,3684.0,0.9733333333333332,0.9671666666666666,100.66666666666669,0.0687581699346405,0.884,0.0,0.0,0,81.39999999999999,9.29,-0.6,1,32.4
2009-11-01,7-Day,422,3201,0.884,546,3077,0.849,3623,60.0,98.3,2009,11,November,4,Fall,0.931,0.981,0.973,263.0,3825.0,0.9616666666666666,0.9598333333333334,145.0,0.1164780568589566,0.954,21.84,9.52,4,154.0,1.203225806451613,-8.8,21,32.9
2009-12-01,7-Day,178,3653,0.954,271,3560,0.929,3831,29.0,99.2,2009,12,December,4,Winter,0.884,0.931,0.981,422.0,3623.0,0.932,0.9493333333333333,251.33333333333337,0.0464630644740276,0.972,2.59,0.63,6,36.400000000000006,-1.103225806451613,-10.1,28,39.2
2010-01-01,7-Day,105,3598,0.972,139,3564,0.962,3703,6.0,99.8,2010,1,January,1,Winter,0.954,0.884,0.931,178.0,3831.0,0.923,0.9481666666666668,287.6666666666667,0.0283553875236294,0.963,80.43,25.41,12,137.29999999999998,-1.4428571428571428,-10.1,26,33.5
2010-02-01,7-Day,127,3275,0.963,160,3242,0.953,3402,62.0,98.2,2010,2,February,1,Winter,0.972,0.954,0.884,105.0,3703.0,0.9366666666666666,0.9491666666666668,235.0,0.0373309817754262,0.958,2.8,2.52,2,253.9,6.970967741935484,-1.7,7,45.4
2010-03-01,7-Day,164,3716,0.958,210,3670,0.946,3880,21.0,99.5,2010,3,March,1,Spring,0.963,0.972,0.954,127.0,3402.0,0.963,0.9475,136.66666666666666,0.0422680412371134,0.972,0.0,0.0,0,44.400000000000006,12.716666666666669,4.3,0,32.4
2010-04-01,7-Day,105,3637,0.972,180,3562,0.952,3742,18.0,99.5,2010,4,April,2,Spring,0.958,0.963,0.972,164.0,3880.0,0.9643333333333332,0.9436666666666668,132.0,0.0280598610368786,0.986,0.0,0.0,0,40.5,17.84193548387097,5.3,0,34.6
2010-05-01,7-Day,53,3711,0.986,154,3610,0.959,3764,11.0,99.7,2010,5,May,2,Spring,0.972,0.958,0.963,105.0,3742.0,0.9643333333333332,0.9505,132.0,0.0140807651434644,0.952,0.0,0.0,0,47.6,23.726666666666667,12.6,0,28.1
2010-06-01,7-Day,179,3560,0.952,263,3476,0.93,3739,10.0,99.7,2010,6,June,2,Summer,0.986,0.972,0.958,53.0,3764.0,0.972,0.9675,107.33333333333331,0.0478737630382455,0.952,0.0,0.0,0,72.89999999999999,26.41290322580645,15.6,0,22.8
2010-07-01,7-Day,181,3586,0.952,313,3454,0.917,3767,30.0,99.2,2010,7,July,3,Summer,0.952,0.986,0.972,179.0,3739.0,0.97,0.9671666666666664,112.33333333333331,0.0480488452349349,0.974,0.0,0.0,0,75.5,24.05161290322581,14.2,0,24.1
2010-08-01,7-Day,101,3718,0.974,185,3634,0.952,3819,8.0,99.8,2010,8,August,3,Summer,0.952,0.952,0.986,181.0,3767.0,0.9633333333333334,0.9638333333333332,137.66666666666666,0.0264467137994239,0.971,0.0,0.0,0,76.7,21.153333333333332,10.7,0,30.0
2010-09-01,7-Day,107,3577,0.971,214,3470,0.942,3684,9.0,99.8,2010,9,September,3,Fall,0.974,0.952,0.952,101.0,3819.0,0.9593333333333331,0.9656666666666666,153.66666666666666,0.0290445168295331,0.945,0.0,0.0,0,118.9,13.541935483870969,5.2,0,33.1
2010-10-01,7-Day,206,3558,0.945,299,3465,0.921,3764,20.0,99.5,2010,10,October,4,Fall,0.971,0.974,0.952,107.0,3684.0,0.9656666666666666,0.9678333333333332,129.66666666666666,0.0547290116896918,0.9,0.07,0.07,1,60.900000000000006,7.213333333333334,-1.2,2,33.1
2010-11-01,7-Day,369,3312,0.9,438,3243,0.881,3681,32.0,99.1,2010,11,November,4,Fall,0.945,0.971,0.974,206.0,3764.0,0.9633333333333332,0.9633333333333334,138.0,0.1002444987775061,0.936,18.83,11.97,4,72.6,-0.8483870967741935,-8.2,28,38.1
2010-12-01,7-Day,241,3529,0.936,308,3462,0.918,3770,231.0,93.9,2010,12,December,4,Winter,0.9,0.945,0.971,369.0,3681.0,0.9386666666666666,0.949,227.33333333333337,0.0639257294429708,0.949,42.77,10.71,11,82.9,-3.1838709677419357,-16.5,30,29.5
2011-01-01,7-Day,190,3568,0.949,219,3539,0.942,3758,93.0,97.5,2011,1,January,1,Winter,0.936,0.9,0.945,241.0,3770.0,0.927,0.9463333333333334,272.0,0.05055880787653,0.983,6.79,2.24,5,69.7,0.1428571428571428,-12.2,22,36.5
2011-02-01,7-Day,58,3344,0.983,75,3327,0.978,3402,9.0,99.7,2011,2,February,1,Winter,0.949,0.936,0.9,190.0,3758.0,0.9283333333333332,0.9458333333333334,266.6666666666667,0.0170487948265726,0.965,5.39,3.36,4,144.4,4.470967741935484,-6.3,14,31.2
2011-03-01,7-Day,136,3747,0.965,154,3729,0.96,3883,2.0,99.9,2011,3,March,1,Spring,0.983,0.949,0.936,58.0,3402.0,0.956,0.9473333333333334,163.0,0.0350244656193664,0.968,0.07,0.07,1,130.8,11.386666666666668,1.0,0,34.4
2011-04-01,7-Day,117,3567,0.968,167,3517,0.955,3684,11.0,99.7,2011,4,April,2,Spring,0.965,0.983,0.949,136.0,3883.0,0.9656666666666668,0.9463333333333334,128.0,0.0317589576547231,0.959,0.0,0.0,0,105.2,16.98709677419355,6.7,0,26.9
2011-05-01,7-Day,156,3605,0.959,222,3539,0.941,3761,4.0,99.9,2011,5,May,2,Spring,0.968,0.965,0.983,117.0,3684.0,0.972,0.9501666666666666,103.66666666666669,0.0414783302313214,0.964,0.0,0.0,0,100.8,21.736666666666668,12.9,0,27.1
2011-06-01,7-Day,136,3606,0.964,177,3565,0.953,3742,8.0,99.8,2011,6,June,2,Summer,0.959,0.968,0.965,156.0,3761.0,0.964,0.96,136.33333333333334,0.0363442009620523,0.973,0.0,0.0,0,62.8,25.983870967741936,16.4,0,20.4
2011-07-01,7-Day,100,3606,0.973,96,3610,0.974,3706,15.0,99.6,2011,7,July,3,Summer,0.964,0.959,0.968,136.0,3742.0,0.9636666666666668,0.9646666666666668,136.33333333333334,0.0269832703723691,0.918,0.0,0.0,0,285.8,23.17096774193548,15.2,0,46.0
2011-08-01,7-Day,320,3560,0.918,380,3500,0.902,3880,17.0,99.6,2011,8,August,3,Summer,0.973,0.964,0.959,100.0,3706.0,0.9653333333333332,0.9686666666666668,130.66666666666666,0.0824742268041237,0.939,0.0,0.0,0,136.9,20.223333333333336,10.7,0,24.3
2011-09-01,7-Day,226,3458,0.939,189,3495,0.949,3684,14.0,99.6,2011,9,September,3,Fall,0.918,0.973,0.964,320.0,3880.0,0.9516666666666668,0.9578333333333332,185.33333333333337,0.0613463626492942,0.898,7.63,7.21,2,124.0,13.287096774193548,-0.0,0,32.2
2011-10-01,7-Day,382,3379,0.898,486,3275,0.871,3761,25.0,99.3,2011,10,October,4,Fall,0.939,0.918,0.973,226.0,3684.0,0.9433333333333334,0.9535,215.33333333333337,0.1015687317202871,0.868,0.0,0.0,0,89.8,9.4,0.5,0,27.8
2011-11-01,7-Day,486,3198,0.868,694,2990,0.812,3684,46.0,98.8,2011,11,November,4,Fall,0.898,0.939,0.918,382.0,3761.0,0.9183333333333332,0.9418333333333332,309.3333333333333,0.1319218241042345,0.968,0.21,0.21,1,99.3,4.800000000000001,-4.5,15,33.8
2011-12-01,7-Day,121,3649,0.968,204,3566,0.946,3770,16.0,99.6,2011,12,December,4,Winter,0.868,0.898,0.939,486.0,3684.0,0.9016666666666668,0.9266666666666667,364.6666666666667,0.0320954907161803,0.934,9.24,8.19,6,69.8,1.635483870967742,-10.2,24,35.8
2012-01-01,7-Day,249,3509,0.934,247,3511,0.934,3758,17.0,99.5,2012,1,January,1,Winter,0.968,0.868,0.898,121.0,3770.0,0.9113333333333332,0.9273333333333332,329.6666666666667,0.0662586482171367,0.954,4.41,2.8,3,37.8,3.2724137931034485,-6.0,18,38.2
2012-02-01,7-Day,162,3378,0.954,198,3342,0.944,3540,7.0,99.8,2012,2,February,1,Winter,0.934,0.968,0.868,249.0,3758.0,0.9233333333333332,0.9208333333333334,285.3333333333333,0.0457627118644067,0.929,0.0,0.0,0,37.2,8.941935483870967,-4.0,5,31.3
2012-03-01,7-Day,271,3554,0.929,344,3481,0.91,3825,33.0,99.1,2012,3,March,1,Spring,0.954,0.934,0.968,162.0,3540.0,0.952,0.9268333333333332,177.33333333333334,0.0708496732026143,0.972,0.0,0.0,0,49.0,11.7,2.5,0,34.7
2012-04-01,7-Day,104,3574,0.972,149,3529,0.959,3678,8.0,99.8,2012,4,April,2,Spring,0.929,0.954,0.934,271.0,3825.0,0.939,0.9251666666666668,227.33333333333337,0.0282762370853724,0.976,0.0,0.0,0,93.4,17.674193548387095,8.6,0,25.0
2012-05-01,7-Day,92,3733,0.976,200,3625,0.948,3825,18.0,99.5,2012,5,May,2,Spring,0.972,0.929,0.954,104.0,3678.0,0.9516666666666668,0.9375,179.0,0.0240522875816993,0.932,0.0,0.0,0,83.2,21.27,10.8,0,24.4
2012-06-01,7-Day,251,3433,0.932,297,3387,0.919,3684,20.0,99.5,2012,6,June,2,Summer,0.976,0.972,0.929,92.0,3825.0,0.959,0.9555,155.66666666666666,0.0681324647122692,0.949,0.0,0.0,0,90.7,25.57741935483871,17.8,0,21.5
2012-07-01,7-Day,192,3569,0.949,247,3514,0.934,3761,18.0,99.5,2012,7,July,3,Summer,0.932,0.976,0.972,251.0,3684.0,0.96,0.9495,149.0,0.0510502525923956,0.954,0.0,0.0,0,93.2,23.97741935483871,15.5,0,21.8
2012-08-01,7-Day,177,3709,0.954,240,3646,0.938,3886,14.0,99.6,2012,8,August,3,Summer,0.949,0.932,0.976,192.0,3761.0,0.9523333333333333,0.952,178.33333333333334,0.0455481214616572,0.911,0.0,0.0,0,101.3,19.61,10.0,0,34.9
2012-09-01,7-Day,317,3245,0.911,399,3163,0.888,3562,29.0,99.2,2012,9,September,3,Fall,0.954,0.949,0.932,177.0,3886.0,0.945,0.952,206.66666666666663,0.0889949466591802,0.926,0.0,0.0,0,123.0,14.16451612903226,2.8,0,61.9
2012-10-01,7-Day,255,3205,0.926,413,3047,0.881,3460,27.0,99.2,2012,10,October,4,Fall,0.911,0.954,0.949,317.0,3562.0,0.938,0.949,228.66666666666663,0.0736994219653179,0.744,16.03,12.18,3,39.6,5.073333333333333,-1.5,7,27.0
2012-11-01,7-Day,779,2259,0.744,778,2260,0.744,3038,26.0,99.1,2012,11,November,4,Fall,0.926,0.911,0.954,255.0,3460.0,0.9303333333333336,0.9413333333333332,249.66666666666663,0.2564186965108624,0.877,5.18,3.57,3,119.4,4.448387096774193,-3.6,15,44.1
2012-12-01,7-Day,453,3233,0.877,581,3105,0.842,3686,15.0,99.6,2012,12,December,4,Winter,0.744,0.926,0.911,779.0,3038.0,0.8603333333333333,0.9026666666666668,450.3333333333333,0.1228974498100922,0.946,6.23,2.8,6,55.1,1.0580645161290323,-10.9,20,42.0
2013-01-01,7-Day,207,3593,0.946,299,3501,0.921,3800,13.0,99.7,2013,1,January,1,Winter,0.877,0.744,0.926,453.0,3686.0,0.8489999999999999,0.8935,495.6666666666667,0.0544736842105263,0.966,30.45,15.68,12,82.0,0.0035714285714285,-11.5,22,32.8
2013-02-01,7-Day,115,3268,0.966,225,3158,0.933,3383,4.0,99.9,2013,2,February,1,Winter,0.946,0.877,0.744,207.0,3800.0,0.8556666666666667,0.8929999999999999,479.6666666666667,0.0339934968962459,0.968,20.09,5.81,8,70.8,3.170967741935484,-3.0,20,34.7
2013-03-01,7-Day,120,3623,0.968,211,3532,0.944,3743,4.0,99.9,2013,3,March,1,Spring,0.966,0.946,0.877,115.0,3383.0,0.9296666666666664,0.895,258.3333333333333,0.0320598450440822,0.905,0.0,0.0,0,35.1,10.23,-2.3,3,27.6
2013-04-01,7-Day,354,3363,0.905,411,3306,0.889,3717,14.0,99.6,2013,4,April,2,Spring,0.968,0.966,0.946,120.0,3743.0,0.96,0.9045,147.33333333333334,0.0952380952380952,0.939,0.0,0.0,0,81.4,15.85483870967742,5.3,0,32.4
2013-05-01,7-Day,233,3570,0.939,304,3499,0.92,3803,12.0,99.7,2013,5,May,2,Spring,0.905,0.968,0.966,354.0,3717.0,0.9463333333333334,0.901,196.33333333333337,0.0612674204575335,0.935,0.0,0.0,0,203.5,21.473333333333336,11.9,0,26.9
2013-06-01,7-Day,233,3370,0.935,358,3245,0.901,3603,11.0,99.7,2013,6,June,2,Summer,0.939,0.905,0.968,233.0,3803.0,0.9373333333333332,0.9335,235.66666666666663,0.0646683319456008,0.958,0.0,0.0,0,145.5,25.406451612903226,16.8,0,21.2
2013-07-01,7-Day,158,3642,0.958,281,3519,0.926,3800,5.0,99.9,2013,7,July,3,Summer,0.935,0.939,0.905,233.0,3603.0,0.9263333333333332,0.9431666666666666,273.3333333333333,0.041578947368421,0.963,0.0,0.0,0,69.3,22.29032258064516,14.2,0,25.2
2013-08-01,7-Day,141,3665,0.963,272,3534,0.929,3806,5.0,99.9,2013,8,August,3,Summer,0.958,0.935,0.939,158.0,3800.0,0.944,0.9451666666666668,208.0,0.037046768260641,0.977,0.0,0.0,0,44.6,18.663333333333338,8.4,0,23.4
2013-09-01,7-Day,81,3516,0.977,126,3471,0.965,3597,3.0,99.9,2013,9,September,3,Fall,0.963,0.958,0.935,141.0,3806.0,0.952,0.9446666666666668,177.33333333333334,0.0225187656380316,0.942,0.0,0.0,0,48.4,14.28064516129032,2.8,0,28.2
2013-10-01,7-Day,222,3638,0.942,270,3590,0.93,3860,7.0,99.8,2013,10,October,4,Fall,0.977,0.963,0.958,81.0,3597.0,0.966,0.9461666666666666,126.66666666666669,0.0575129533678756,0.866,0.42,0.42,1,78.5,5.96,-5.0,10,35.9
2013-11-01,7-Day,485,3121,0.866,554,3052,0.846,3606,17.0,99.5,2013,11,November,4,Fall,0.942,0.977,0.963,222.0,3860.0,0.9606666666666668,0.9523333333333333,148.0,0.134498058790904,0.971,18.34,6.65,5,128.8,2.1870967741935483,-7.1,22,25.3
2013-12-01,7-Day,109,3634,0.971,180,3563,0.952,3743,2.0,99.9,2013,12,December,4,Winter,0.866,0.942,0.977,485.0,3606.0,0.9283333333333332,0.9401666666666668,262.6666666666667,0.0291210259150414,0.947,21.0,7.42,9,65.1,-3.3129032258064517,-17.7,28,33.0
2014-01-01,7-Day,202,3598,0.947,292,3508,0.923,3800,19.0,99.5,2014,1,January,1,Winter,0.971,0.866,0.942,109.0,3743.0,0.9263333333333332,0.9461666666666666,272.0,0.0531578947368421,0.94,61.67,22.05,12,131.3,-2.8857142857142857,-15.3,27,34.1
2014-02-01,7-Day,201,3173,0.94,285,3089,0.916,3374,9.0,99.7,2014,2,February,1,Winter,0.947,0.971,0.866,202.0,3800.0,0.928,0.9443333333333332,265.3333333333333,0.0595732068761114,0.918,7.140000000000001,3.43,8,79.60000000000001,1.2870967741935484,-12.6,24,34.8
2014-03-01,7-Day,308,3432,0.918,403,3337,0.892,3740,6.0,99.8,2014,3,March,1,Spring,0.94,0.947,0.971,201.0,3374.0,0.9526666666666666,0.9405,170.66666666666666,0.0823529411764705,0.944,1.61,1.61,1,112.4,9.37,-0.5,2,31.0
2014-04-01,7-Day,207,3513,0.944,262,3458,0.93,3720,7.0,99.8,2014,4,April,2,Spring,0.918,0.94,0.947,308.0,3740.0,0.935,0.9306666666666668,237.0,0.0556451612903225,0.938,0.0,0.0,0,74.1,16.048387096774192,7.4,0,29.2
2014-05-01,7-Day,227,3456,0.938,296,3387,0.92,3683,7.0,99.8,2014,5,May,2,Spring,0.944,0.918,0.94,207.0,3720.0,0.934,0.931,238.66666666666663,0.0616345370621775,0.917,0.0,0.0,0,71.5,21.17,10.5,0,20.9
2014-06-01,7-Day,305,3352,0.917,427,3230,0.883,3657,7.0,99.8,2014,6,June,2,Summer,0.938,0.944,0.918,227.0,3683.0,0.9333333333333332,0.943,247.33333333333337,0.0834016953787257,0.926,0.0,0.0,0,88.2,23.725806451612904,16.4,0,24.5
2014-07-01,7-Day,291,3624,0.926,447,3468,0.886,3915,5.0,99.9,2014,7,July,3,Summer,0.917,0.938,0.944,305.0,3657.0,0.933,0.934,246.33333333333337,0.0743295019157088,0.921,0.0,0.0,0,56.2,22.177419354838708,14.6,0,20.8
2014-08-01,7-Day,304,3560,0.921,433,3431,0.888,3864,43.0,98.9,2014,8,August,3,Summer,0.926,0.917,0.938,291.0,3915.0,0.927,0.9305,274.3333333333333,0.0786749482401656,0.93,0.0,0.0,0,23.0,19.886666666666667,9.5,0,21.6
2014-09-01,7-Day,263,3508,0.93,325,3446,0.914,3771,0.0,100.0,2014,9,September,3,Fall,0.921,0.926,0.917,304.0,3864.0,0.9213333333333334,0.9273333333333332,300.0,0.069742773800053,0.896,0.0,0.0,0,108.0,14.2,4.1,0,28.4
2014-10-01,7-Day,414,3549,0.896,593,3370,0.85,3963,8.0,99.8,2014,10,October,4,Fall,0.93,0.921,0.926,263.0,3771.0,0.9256666666666667,0.9293333333333332,286.0,0.1044663133989401,0.832,6.3,6.16,3,94.7,5.506666666666666,-5.3,10,32.9
2014-11-01,7-Day,618,3054,0.832,777,2895,0.788,3672,5.0,99.9,2014,11,November,4,Fall,0.896,0.93,0.921,414.0,3963.0,0.9156666666666666,0.9213333333333332,327.0,0.1683006535947712,0.908,2.17,1.26,4,115.7,3.370967741935484,-5.1,16,32.5
2014-12-01,7-Day,359,3559,0.908,456,3462,0.884,3918,1.0,100.0,2014,12,December,4,Winter,0.832,0.896,0.93,618.0,3672.0,0.886,0.9036666666666666,431.6666666666667,0.091628381827463,0.948,27.65,9.66,12,122.8,-2.561290322580646,-13.9,30,30.5
2015-01-01,7-Day,197,3613,0.948,267,3543,0.93,3810,4.0,99.9,2015,1,January,1,Winter,0.908,0.832,0.896,359.0,3918.0,0.8786666666666667,0.9021666666666668,463.6666666666667,0.0517060367454068,0.965,23.869999999999997,7.42,13,57.9,-6.671428571428572,-19.2,28,34.0
2015-02-01,7-Day,123,3369,0.965,193,3299,0.945,3492,14.0,99.6,2015,2,February,1,Winter,0.948,0.908,0.832,197.0,3810.0,0.8959999999999999,0.9058333333333334,391.3333333333333,0.0352233676975945,0.956,30.03,10.85,8,114.2,0.8870967741935483,-14.5,25,31.7
2015-03-01,7-Day,172,3740,0.956,275,3637,0.93,3912,5.0,99.9,2015,3,March,1,Spring,0.965,0.948,0.908,123.0,3492.0,0.9403333333333334,0.9131666666666668,226.33333333333337,0.0439672801635991,0.957,0.0,0.0,0,62.0,10.336666666666668,-1.9,2,32.1
2015-04-01,7-Day,166,3656,0.957,327,3495,0.914,3822,10.0,99.7,2015,4,April,2,Spring,0.956,0.965,0.948,172.0,3912.0,0.9563333333333331,0.9175,164.0,0.043432757718472,0.951,0.0,0.0,0,33.3,18.419354838709676,5.7,0,25.7
2015-05-01,7-Day,197,3802,0.951,267,3732,0.933,3999,12.0,99.7,2015,5,May,2,Spring,0.957,0.956,0.965,166.0,3822.0,0.9593333333333334,0.9276666666666666,153.66666666666666,0.0492623155788947,0.961,0.0,0.0,0,208.8,20.673333333333336,11.0,0,24.8
2015-06-01,7-Day,158,3844,0.961,210,3792,0.948,4002,4.0,99.9,2015,6,June,2,Summer,0.951,0.957,0.956,197.0,3999.0,0.9546666666666668,0.9475,178.33333333333334,0.0394802598700649,0.979,0.0,0.0,0,68.8,24.17096774193548,16.4,0,21.1
2015-07-01,7-Day,88,4013,0.979,214,3887,0.948,4101,6.0,99.9,2015,7,July,3,Summer,0.961,0.951,0.957,158.0,4002.0,0.9563333333333331,0.9563333333333331,173.66666666666666,0.0214581809314801,0.979,0.0,0.0,0,39.9,24.125806451612902,16.0,0,22.1
2015-08-01,7-Day,83,3964,0.979,214,3833,0.947,4047,0.0,100.0,2015,8,August,3,Summer,0.979,0.961,0.951,88.0,4101.0,0.9636666666666668,0.9615,147.66666666666666,0.0205090190264393,0.966,0.0,0.0,0,85.9,21.283333333333335,13.2,0,22.0
2015-09-01,7-Day,134,3826,0.966,241,3719,0.939,3960,3.0,99.9,2015,9,September,3,Fall,0.979,0.979,0.961,83.0,4047.0,0.973,0.9638333333333332,109.66666666666669,0.0338383838383838,0.943,0.0,0.0,0,64.89999999999999,12.709677419354838,0.6,0,28.8
2015-10-01,7-Day,238,3904,0.943,280,3862,0.932,4142,0.0,100.0,2015,10,October,4,Fall,0.966,0.979,0.979,134.0,3960.0,0.9746666666666668,0.9655,101.66666666666669,0.0574601641718976,0.851,0.0,0.0,0,31.3,9.98,-2.7,2,27.4
2015-11-01,7-Day,587,3355,0.851,661,3281,0.832,3942,1.0,100.0,2015,11,November,4,Fall,0.943,0.966,0.979,238.0,4142.0,0.9626666666666668,0.9631666666666666,151.66666666666666,0.1489091831557585,0.953,0.0,0.0,0,108.4,8.67741935483871,-0.9,2,27.0
2015-12-01,7-Day,196,3950,0.953,262,3884,0.937,4146,2.0,100.0,2015,12,December,4,Winter,0.851,0.943,0.966,587.0,3942.0,0.92,0.9465,319.6666666666667,0.0472744814278823,0.926,37.45,34.44,6,92.2,-0.5129032258064516,-10.1,27,37.8
2016-01-01,7-Day,297,3739,0.926,348,3688,0.914,4036,1.0,100.0,2016,1,January,1,Winter,0.953,0.851,0.943,196.0,4146.0,0.9156666666666666,0.9451666666666668,340.3333333333333,0.0735877106045589,0.969,15.12,8.96,7,87.0,1.7448275862068967,-17.7,19,35.4
2016-02-01,7-Day,119,3727,0.969,183,3663,0.952,3846,4.0,99.9,2016,2,February,1,Winter,0.926,0.953,0.851,297.0,4036.0,0.91,0.9363333333333334,360.0,0.0309412376495059,0.984,6.79,3.15,3,33.0,7.690322580645161,-3.7,8,33.8
2016-03-01,7-Day,68,4127,0.984,102,4093,0.976,4195,1.0,100.0,2016,3,March,1,Spring,0.969,0.926,0.953,119.0,3846.0,0.9493333333333333,0.9346666666666666,204.0,0.0162097735399284,0.946,0.7000000000000001,0.28,3,66.3,10.083333333333334,-3.5,3,40.6
2016-04-01,7-Day,215,3778,0.946,245,3748,0.939,3993,0.0,100.0,2016,4,April,2,Spring,0.984,0.969,0.926,68.0,4195.0,0.9596666666666668,0.9376666666666664,161.33333333333334,0.0538442273979464,0.978,0.0,0.0,0,96.7,15.40967741935484,5.2,0,32.0
2016-05-01,7-Day,91,4000,0.978,151,3940,0.963,4091,3.0,99.9,2016,5,May,2,Spring,0.946,0.984,0.969,215.0,3993.0,0.9663333333333334,0.9381666666666666,134.0,0.0222439501344414,0.969,0.0,0.0,0,61.3,21.45,11.7,0,28.0
2016-06-01,7-Day,127,3919,0.969,178,3868,0.956,4046,11.0,99.7,2016,6,June,2,Summer,0.978,0.946,0.984,91.0,4091.0,0.9693333333333332,0.9593333333333334,124.66666666666669,0.0313890261987147,0.973,0.0,0.0,0,140.4,25.25483870967742,16.4,0,19.7
2016-07-01,7-Day,110,3928,0.973,182,3856,0.955,4038,0.0,100.0,2016,7,July,3,Summer,0.969,0.978,0.946,127.0,4046.0,0.9643333333333332,0.962,144.33333333333334,0.0272412085190688,0.971,0.0,0.0,0,48.1,25.074193548387097,15.0,0,20.4
2016-08-01,7-Day,120,4075,0.971,188,4007,0.955,4195,0.0,100.0,2016,8,August,3,Summer,0.973,0.969,0.978,110.0,4038.0,0.9733333333333332,0.9698333333333332,109.33333333333331,0.0286054827175208,0.938,0.0,0.0,0,72.0,21.08,11.5,0,27.0
2016-09-01,7-Day,249,3746,0.938,322,3673,0.919,3995,1.0,100.0,2016,9,September,3,Fall,0.971,0.973,0.969,120.0,4195.0,0.971,0.9701666666666666,119.0,0.0623279098873592,0.893,0.0,0.0,0,75.2,13.974193548387095,2.8,0,30.8
2016-10-01,7-Day,436,3653,0.893,523,3566,0.872,4089,1.0,100.0,2016,10,October,4,Fall,0.938,0.971,0.973,249.0,3995.0,0.9606666666666668,0.9625,159.66666666666666,0.1066275372951821,0.829,0.14,0.14,1,71.3,8.256666666666666,-1.4,2,34.0
2016-11-01,7-Day,683,3312,0.829,803,3192,0.799,3995,48.0,98.8,2016,11,November,4,Fall,0.893,0.938,0.971,436.0,4089.0,0.934,0.9536666666666668,268.3333333333333,0.1709637046307885,0.921,4.55,4.06,4,67.8,2.0999999999999996,-6.9,22,32.9
2016-12-01,7-Day,322,3771,0.921,412,3681,0.899,4093,14.0,99.7,2016,12,December,4,Winter,0.829,0.893,0.938,683.0,3995.0,0.8866666666666666,0.9288333333333332,456.0,0.0786709015392132,0.972,8.61,5.39,7,110.6,2.7161290322580647,-11.1,12,45.3
2017-01-01,7-Day,113,3976,0.972,189,3900,0.954,4089,1.0,100.0,2017,1,January,1,Winter,0.921,0.829,0.893,322.0,4093.0,0.8810000000000001,0.9208333333333334,480.3333333333333,0.0276351186109073,0.942,18.62,16.17,4,53.3,4.05,-8.9,17,45.1
2017-02-01,7-Day,215,3482,0.942,278,3419,0.925,3697,7.0,99.8,2017,2,February,1,Winter,0.972,0.921,0.829,113.0,4089.0,0.9073333333333332,0.9206666666666664,372.6666666666667,0.0581552610224506,0.98,36.05,28.98,6,129.5,3.22258064516129,-9.0,17,54.9
2017-03-01,7-Day,83,4112,0.98,121,4074,0.971,4195,3.0,99.9,2017,3,March,1,Spring,0.942,0.972,0.921,215.0,3697.0,0.945,0.9158333333333334,216.66666666666663,0.0197854588796185,0.974,0.0,0.0,0,104.7,12.256666666666666,2.9,0,41.7
2017-04-01,7-Day,103,3837,0.974,139,3801,0.965,3940,1.0,100.0,2017,4,April,2,Spring,0.98,0.942,0.972,83.0,4195.0,0.9646666666666666,0.9228333333333332,137.0,0.0261421319796954,0.981,0.0,0.0,0,136.0,15.22258064516129,7.0,0,36.9
2017-05-01,7-Day,78,4066,0.981,123,4021,0.97,4144,17.0,99.6,2017,5,May,2,Spring,0.974,0.98,0.942,103.0,3940.0,0.9653333333333332,0.9363333333333332,133.66666666666666,0.0188223938223938,0.981,0.0,0.0,0,68.7,21.209999999999997,11.3,0,30.3
2017-06-01,7-Day,77,3971,0.981,145,3903,0.964,4048,2.0,100.0,2017,6,June,2,Summer,0.981,0.974,0.98,78.0,4144.0,0.9783333333333334,0.9616666666666666,88.0,0.0190217391304347,0.981,0.0,0.0,0,183.1,23.84193548387097,16.8,0,38.9
2017-07-01,7-Day,75,3963,0.981,123,3915,0.97,4038,1.0,100.0,2017,7,July,3,Summer,0.981,0.981,0.974,77.0,4048.0,0.9786666666666668,0.9716666666666668,86.0,0.0185735512630014,0.983,0.0,0.0,0,110.3,22.654838709677417,16.6,0,27.9
2017-08-01,7-Day,73,4122,0.983,160,4035,0.962,4195,6.0,99.9,2017,8,August,3,Summer,0.981,0.981,0.981,75.0,4038.0,0.981,0.9731666666666668,76.66666666666667,0.0174016686531585,0.99,0.0,0.0,0,50.8,20.526666666666664,13.1,0,33.7
2017-09-01,7-Day,41,3901,0.99,56,3886,0.986,3942,4.0,99.9,2017,9,September,3,Fall,0.983,0.981,0.981,73.0,4195.0,0.9816666666666666,0.98,75.0,0.0104008117706747,0.967,0.0,0.0,0,117.5,17.048387096774192,7.4,0,48.8
2017-10-01,7-Day,138,4004,0.967,177,3965,0.957,4142,3.0,99.9,2017,10,October,4,Fall,0.99,0.983,0.981,41.0,3942.0,0.9846666666666668,0.9816666666666666,63.0,0.0333172380492515,0.898,0.0,0.0,0,38.0,8.163333333333334,-3.3,4,40.0
2017-11-01,7-Day,408,3587,0.898,476,3519,0.881,3995,3.0,99.9,2017,11,November,4,Fall,0.967,0.99,0.983,138.0,4142.0,0.98,0.9805,84.0,0.102127659574468,0.955,11.83,7.28,7,58.5,1.7451612903225804,-11.6,14,44.7
2017-12-01,7-Day,180,3860,0.955,228,3812,0.944,4040,2.0,100.0,2017,12,December,4,Winter,0.898,0.967,0.99,408.0,3995.0,0.9516666666666668,0.9666666666666668,195.66666666666663,0.0445544554455445,0.973,19.46,14.98,4,83.39999999999999,-0.7096774193548386,-16.4,24,56.5
2018-01-01,7-Day,113,4029,0.973,153,3989,0.963,4142,1.0,100.0,2018,1,January,1,Winter,0.955,0.898,0.967,180.0,4040.0,0.94,0.9623333333333332,242.0,0.02728150651859,0.98,8.75,5.88,4,178.5,4.6499999999999995,-8.0,13,36.7
2018-02-01,7-Day,75,3622,0.98,172,3525,0.953,3697,3.0,99.9,2018,2,February,1,Winter,0.973,0.955,0.898,113.0,4142.0,0.942,0.961,233.66666666666663,0.0202867189613199,0.975,59.15,19.32,11,141.5,3.364516129032258,-4.1,19,54.3
2018-03-01,7-Day,105,4037,0.975,210,3932,0.949,4142,8.0,99.8,2018,3,March,1,Spring,0.98,0.973,0.955,75.0,3697.0,0.9693333333333332,0.9605,122.66666666666669,0.0253500724287783,0.983,8.89,8.68,2,117.6,8.266666666666667,-1.3,3,64.5
2018-04-01,7-Day,69,3924,0.983,110,3883,0.972,3993,1.0,100.0,2018,4,April,2,Spring,0.975,0.98,0.973,105.0,4142.0,0.976,0.958,97.66666666666669,0.0172802404207362,0.979,0.0,0.0,0,112.7,17.448387096774194,6.3,0,33.4
2018-05-01,7-Day,88,4056,0.979,126,4018,0.97,4144,10.0,99.8,2018,5,May,2,Spring,0.983,0.975,0.98,69.0,3993.0,0.9793333333333334,0.9606666666666668,83.0,0.0212355212355212,0.967,0.0,0.0,0,95.1,20.676666666666662,12.1,0,34.4
2018-06-01,7-Day,132,3863,0.967,196,3799,0.951,3995,16.0,99.6,2018,6,June,2,Summer,0.979,0.983,0.975,88.0,4144.0,0.979,0.9741666666666666,87.33333333333333,0.0330413016270337,0.962,0.0,0.0,0,116.8,24.183870967741935,16.6,0,43.2
2018-07-01,7-Day,157,3934,0.962,253,3838,0.938,4091,34.0,99.2,2018,7,July,3,Summer,0.967,0.979,0.983,132.0,3995.0,0.9763333333333332,0.9761666666666668,96.33333333333331,0.0383769249572231,0.98,0.0,0.0,0,172.70000000000002,24.94516129032258,16.9,0,29.9
2018-08-01,7-Day,84,4113,0.98,177,4020,0.958,4197,0.0,100.0,2018,8,August,3,Summer,0.962,0.967,0.979,157.0,4091.0,0.9693333333333332,0.9743333333333332,125.66666666666669,0.0200142959256611,0.962,0.0,0.0,0,279.7,21.293333333333333,13.5,0,35.5
2018-09-01,7-Day,146,3741,0.962,225,3662,0.942,3887,22.0,99.4,2018,9,September,3,Fall,0.98,0.962,0.967,84.0,4197.0,0.9696666666666666,0.9743333333333334,124.33333333333331,0.0375611011062516,0.922,0.0,0.0,0,113.8,14.406451612903227,3.1,0,43.8
2018-10-01,7-Day,326,3869,0.922,414,3781,0.901,4195,25.0,99.4,2018,10,October,4,Fall,0.962,0.98,0.962,146.0,3887.0,0.968,0.9721666666666668,129.0,0.0777115613825983,0.864,10.22,9.31,3,174.4,6.933333333333334,-7.5,5,55.7
2018-11-01,7-Day,544,3451,0.864,635,3360,0.841,3995,33.0,99.2,2018,11,November,4,Fall,0.922,0.962,0.98,326.0,4195.0,0.9546666666666668,0.962,185.33333333333337,0.1361702127659574,0.959,0.98,0.56,3,145.6,4.067741935483871,-3.6,14,40.6
2018-12-01,7-Day,167,3877,0.959,209,3835,0.948,4044,0.0,100.0,2018,12,December,4,Winter,0.864,0.922,0.962,544.0,3995.0,0.916,0.9428333333333332,338.6666666666667,0.041295746785361,0.974,3.29,1.54,5,98.4,0.3645161290322581,-15.8,21,47.6
2019-01-01,7-Day,108,4034,0.974,144,3998,0.965,4142,12.0,99.7,2019,1,January,1,Winter,0.959,0.864,0.922,167.0,4044.0,0.915,0.9415,345.6666666666667,0.0260743602124577,0.964,10.43,5.25,5,88.19999999999999,1.4607142857142856,-11.3,21,47.5
2019-02-01,7-Day,132,3565,0.964,148,3549,0.96,3697,7.0,99.8,2019,2,February,1,Winter,0.974,0.959,0.864,108.0,4142.0,0.9323333333333332,0.9435,273.0,0.0357046253719231,0.981,28.0,12.6,6,108.6,3.9967741935483874,-9.3,17,38.8
2019-03-01,7-Day,76,4013,0.981,106,3983,0.974,4089,3.0,99.9,2019,3,March,1,Spring,0.964,0.974,0.959,132.0,3697.0,0.9656666666666668,0.9408333333333332,135.66666666666666,0.0185864514551235,0.979,0.0,0.0,0,107.3,11.53,-0.3,1,42.5
2019-04-01,7-Day,83,3963,0.979,135,3911,0.967,4046,9.0,99.8,2019,4,April,2,Spring,0.981,0.964,0.974,76.0,4089.0,0.973,0.944,105.33333333333331,0.0205140879881364,0.972,0.0,0.0,0,145.5,15.848387096774196,6.8,0,36.2
2019-05-01,7-Day,115,4029,0.972,148,3996,0.964,4144,10.0,99.8,2019,5,May,2,Spring,0.979,0.981,0.964,83.0,4046.0,0.9746666666666668,0.9535,97.0,0.0277509652509652,0.979,0.0,0.0,0,129.7,21.08,12.3,0,32.6
2019-06-01,7-Day,82,3858,0.979,145,3795,0.963,3940,4.0,99.9,2019,6,June,2,Summer,0.972,0.979,0.981,115.0,4144.0,0.9773333333333332,0.9715,91.33333333333331,0.0208121827411167,0.977,0.0,0.0,0,105.1,25.532258064516128,18.2,0,26.8
2019-07-01,7-Day,96,4048,0.977,143,4001,0.965,4144,15.0,99.6,2019,7,July,3,Summer,0.979,0.972,0.979,82.0,3940.0,0.9766666666666668,0.9748333333333332,93.33333333333331,0.0231660231660231,0.967,0.0,0.0,0,97.6,23.616129032258065,15.8,0,25.5
2019-08-01,7-Day,137,4007,0.967,177,3967,0.957,4144,15.0,99.6,2019,8,August,3,Summer,0.977,0.979,0.972,96.0,4144.0,0.976,0.9753333333333332,97.66666666666669,0.0330598455598455,0.976,0.0,0.0,0,34.6,20.75,12.1,0,30.5
2019-09-01,7-Day,96,3844,0.976,181,3759,0.954,3940,2.0,99.9,2019,9,September,3,Fall,0.967,0.977,0.979,137.0,4144.0,0.9743333333333334,0.9758333333333334,105.0,0.0243654822335025,0.92,0.0,0.0,0,129.3,15.425806451612903,6.9,0,50.9
2019-10-01,7-Day,334,3861,0.92,422,3773,0.899,4195,11.0,99.7,2019,10,October,4,Fall,0.976,0.967,0.977,96.0,3940.0,0.9733333333333332,0.975,109.66666666666669,0.0796185935637663,0.911,0.77,0.77,1,56.8,6.043333333333334,-4.3,9,48.3
2019-11-01,7-Day,350,3592,0.911,421,3521,0.893,3942,0.0,100.0,2019,11,November,4,Fall,0.92,0.976,0.967,334.0,4195.0,0.9543333333333334,0.9651666666666668,189.0,0.0887874175545408,0.937,14.14,6.93,6,174.1,3.125806451612903,-8.1,15,38.5
2019-12-01,7-Day,256,3837,0.937,308,3785,0.925,4093,28.0,99.3,2019,12,December,4,Winter,0.911,0.92,0.976,350.0,3942.0,0.9356666666666666,0.955,260.0,0.0625458099193745,0.984,5.39,4.55,3,54.4,3.3548387096774195,-6.4,15,45.3
2020-01-01,7-Day,66,4076,0.984,83,4059,0.98,4142,0.0,100.0,2020,1,January,1,Winter,0.937,0.911,0.92,256.0,4093.0,0.9226666666666666,0.948,313.3333333333333,0.0159343312409464,0.983,0.84,0.42,3,90.4,3.5655172413793106,-8.6,13,50.2
2020-02-01,7-Day,64,3729,0.983,64,3729,0.983,3793,3.0,99.9,2020,2,February,1,Winter,0.984,0.937,0.911,66.0,4142.0,0.944,0.9491666666666668,224.0,0.0168731874505668,0.993,0.49,0.49,1,112.7,7.593548387096774,-3.7,3,37.6
2020-03-01,7-Day,31,4111,0.993,31,4111,0.993,4142,1.0,100.0,2020,3,March,1,Spring,0.983,0.984,0.937,64.0,3793.0,0.968,0.9518333333333332,128.66666666666666,0.0074843070980202,0.967,0.07,0.07,1,128.8,9.086666666666668,0.9,0,56.6
2020-04-01,7-Day,47,1393,0.967,47,1393,0.967,1440,1.0,99.9,2020,4,April,2,Spring,0.993,0.983,0.984,31.0,4142.0,0.9866666666666668,0.9546666666666668,53.666666666666664,0.0326388888888888,0.99,0.14,0.14,1,57.2,14.096774193548388,1.4,0,36.2
2020-05-01,7-Day,16,1572,0.99,16,1572,0.99,1588,0.0,100.0,2020,5,May,2,Spring,0.967,0.993,0.983,47.0,1440.0,0.981,0.9625,47.333333333333336,0.0100755667506297,0.981,0.0,0.0,0,74.9,21.756666666666668,10.4,0,28.7
2020-06-01,7-Day,44,2315,0.981,44,2315,0.981,2359,0.0,100.0,2020,6,June,2,Summer,0.99,0.967,0.993,16.0,1588.0,0.9833333333333332,0.9756666666666668,31.333333333333332,0.0186519711742263,0.992,0.0,0.0,0,100.2,25.929032258064513,20.0,0,46.5
2020-07-01,7-Day,30,3536,0.992,30,3536,0.992,3566,0.0,100.0,2020,7,July,3,Summer,0.981,0.99,0.967,44.0,2359.0,0.9793333333333332,0.983,35.666666666666664,0.008412787436904,0.968,0.0,0.0,0,96.5,24.387096774193548,17.8,0,63.7
2020-08-01,7-Day,112,3438,0.968,112,3438,0.968,3550,4.0,99.9,2020,8,August,3,Summer,0.992,0.981,0.99,30.0,3566.0,0.9876666666666668,0.9843333333333332,30.0,0.0315492957746478,0.986,0.0,0.0,0,94.5,20.033333333333335,10.2,0,34.3
2020-09-01,7-Day,48,3477,0.986,48,3477,0.986,3525,4.0,99.9,2020,9,September,3,Fall,0.968,0.992,0.981,112.0,3550.0,0.9803333333333332,0.9818333333333332,62.0,0.0136170212765957,0.974,0.0,0.0,0,138.5,14.69032258064516,1.2,0,38.0
2020-10-01,7-Day,97,3565,0.974,98,3564,0.973,3662,0.0,100.0,2020,10,October,4,Fall,0.986,0.968,0.992,48.0,3525.0,0.982,0.9806666666666668,63.333333333333336,0.0264882577826324,0.937,0.0,0.0,0,106.0,10.38,-2.4,2,57.3
2020-11-01,7-Day,217,3243,0.937,220,3240,0.936,3460,11.0,99.7,2020,11,November,4,Fall,0.974,0.986,0.968,97.0,3662.0,0.976,0.9818333333333332,85.66666666666667,0.0627167630057803,0.975,21.21,11.13,4,115.8,3.4000000000000004,-7.9,14,59.2
2020-12-01,7-Day,92,3642,0.975,92,3642,0.975,3734,11.0,99.7,2020,12,December,4,Winter,0.937,0.974,0.986,217.0,3460.0,0.9656666666666668,0.973,120.66666666666669,0.0246384574183181,0.977,4.34,1.75,4,56.5,1.0225806451612904,-8.3,20,42.0
2021-01-01,7-Day,85,3535,0.977,85,3535,0.977,3620,15.0,99.6,2021,1,January,1,Winter,0.975,0.937,0.974,92.0,3734.0,0.962,0.972,135.33333333333334,0.0234806629834254,0.96,55.93,26.46,12,135.4,0.0714285714285715,-9.3,23,51.0
2021-02-01,7-Day,134,3189,0.96,137,3186,0.959,3323,26.0,99.2,2021,2,February,1,Winter,0.977,0.975,0.937,85.0,3620.0,0.963,0.9695,131.33333333333334,0.0403250075233223,0.979,1.05,0.77,2,95.0,5.835483870967742,-6.3,13,42.9
2021-03-01,7-Day,81,3710,0.979,81,3710,0.979,3791,36.0,99.1,2021,3,March,1,Spring,0.96,0.977,0.975,134.0,3323.0,0.9706666666666668,0.9681666666666668,103.66666666666669,0.0213663940912687,0.987,0.0,0.0,0,87.7,10.756666666666666,-2.6,2,39.6
2021-04-01,7-Day,46,3608,0.987,46,3608,0.987,3654,3.0,99.9,2021,4,April,2,Spring,0.979,0.96,0.977,81.0,3791.0,0.972,0.967,100.0,0.0125889436234263,0.992,0.0,0.0,0,99.9,15.77741935483871,5.8,0,40.8
2021-05-01,7-Day,29,3591,0.992,29,3591,0.992,3620,1.0,100.0,2021,5,May,2,Spring,0.987,0.979,0.96,46.0,3654.0,0.9753333333333334,0.9691666666666668,87.0,0.0080110497237569,0.977,0.0,0.0,0,58.0,22.043333333333333,11.8,0,28.8
2021-06-01,7-Day,85,3569,0.977,88,3566,0.976,3654,41.0,98.9,2021,6,June,2,Summer,0.992,0.987,0.979,29.0,3620.0,0.986,0.9783333333333334,52.0,0.0232621784345922,0.973,0.0,0.0,0,166.8,24.15806451612903,16.5,0,36.9
2021-07-01,7-Day,99,3578,0.973,100,3577,0.973,3677,31.0,99.2,2021,7,July,3,Summer,0.977,0.992,0.987,85.0,3654.0,0.9853333333333332,0.9786666666666668,53.333333333333336,0.0269241229262986,0.972,0.0,0.0,0,139.1,24.4741935483871,17.0,0,29.6
2021-08-01,7-Day,110,3820,0.972,111,3819,0.972,3930,47.0,98.8,2021,8,August,3,Summer,0.973,0.977,0.992,99.0,3677.0,0.9806666666666668,0.978,71.0,0.0279898218829516,0.969,0.0,0.0,0,184.7,21.216666666666665,12.7,0,48.0
2021-09-01,7-Day,124,3869,0.969,124,3869,0.969,3993,42.0,98.9,2021,9,September,3,Fall,0.972,0.973,0.977,110.0,3930.0,0.974,0.98,98.0,0.0310543451039318,0.965,0.0,0.0,0,140.4,16.929032258064513,8.9,0,49.6
2021-10-01,7-Day,144,3945,0.965,148,3941,0.964,4089,48.0,98.8,2021,10,October,4,Fall,0.969,0.972,0.973,124.0,3993.0,0.9713333333333334,0.9783333333333334,111.0,0.0352164343360234,0.92,2.24,1.96,2,48.8,7.893333333333333,-1.1,2,42.6
2021-11-01,7-Day,321,3672,0.92,329,3664,0.918,3993,72.0,98.2,2021,11,November,4,Fall,0.965,0.969,0.972,144.0,4089.0,0.9686666666666666,0.9746666666666668,126.0,0.0803906836964688,0.965,1.82,0.77,4,57.1,6.212903225806452,-3.4,6,41.2
2021-12-01,7-Day,145,3997,0.965,147,3995,0.965,4142,67.0,98.4,2021,12,December,4,Winter,0.92,0.965,0.969,321.0,3993.0,0.9513333333333334,0.9626666666666668,196.33333333333337,0.0350072428778368,0.982,25.9,14.35,9,128.70000000000002,-1.1193548387096772,-12.2,27,51.4
2022-01-01,7-Day,59,3148,0.982,59,3148,0.982,3207,2.0,99.9,2022,1,January,1,Winter,0.965,0.92,0.965,145.0,4142.0,0.95,0.9606666666666668,203.33333333333337,0.0183972560024945,0.982,5.8100000000000005,4.69,6,91.9,2.1928571428571426,-8.4,22,47.5
2022-02-01,7-Day,65,3630,0.982,65,3630,0.982,3695,13.0,99.6,2022,2,February,1,Winter,0.982,0.965,0.92,59.0,3207.0,0.9556666666666668,0.9621666666666668,175.0,0.0175913396481732,0.973,10.29,4.55,7,93.1,6.396774193548388,-6.2,12,49.4
2022-03-01,7-Day,114,4081,0.973,114,4081,0.973,4195,48.0,98.9,2022,3,March,1,Spring,0.982,0.982,0.965,65.0,3695.0,0.9763333333333334,0.9638333333333332,89.66666666666667,0.0271752085816448,0.956,0.0,0.0,0,136.8,10.23,2.1,0,55.9
2022-04-01,7-Day,174,3819,0.956,174,3819,0.956,3993,50.0,98.7,2022,4,April,2,Spring,0.973,0.982,0.982,114.0,4195.0,0.979,0.9645,79.33333333333333,0.0435762584522915,0.937,0.0,0.0,0,144.8,16.206451612903226,6.1,0,39.0
2022-05-01,7-Day,257,3832,0.937,269,3820,0.934,4089,125.0,96.9,2022,5,May,2,Spring,0.956,0.973,0.982,174.0,3993.0,0.9703333333333334,0.963,117.66666666666669,0.0628515529469307,0.961,0.0,0.0,0,59.5,21.06,13.6,0,34.8
2022-06-01,7-Day,158,3888,0.961,163,3883,0.96,4046,54.0,98.7,2022,6,June,2,Summer,0.937,0.956,0.973,257.0,4089.0,0.9553333333333334,0.9658333333333332,181.66666666666663,0.0390509144834404,0.957,0.0,0.0,0,80.60000000000001,25.62258064516129,18.3,0,35.7
2022-07-01,7-Day,175,3861,0.957,186,3850,0.954,4036,56.0,98.6,2022,7,July,3,Summer,0.961,0.937,0.956,158.0,4046.0,0.9513333333333334,0.9651666666666668,196.33333333333337,0.0433597621407334,0.969,0.0,0.0,0,65.0,25.23225806451613,16.9,0,30.9
2022-08-01,7-Day,130,4065,0.969,139,4056,0.967,4195,40.0,99.0,2022,8,August,3,Summer,0.957,0.961,0.937,175.0,4036.0,0.9516666666666668,0.961,196.66666666666663,0.0309892729439809,0.992,0.0,0.0,0,115.1,20.35,10.5,0,33.9
2022-09-01,7-Day,33,3960,0.992,36,3957,0.991,3993,11.0,99.7,2022,9,September,3,Fall,0.969,0.957,0.961,130.0,4195.0,0.9623333333333332,0.9588333333333332,154.33333333333334,0.0082644628099173,0.957,0.0,0.0,0,274.7,13.438709677419356,5.6,0,37.5
2022-10-01,7-Day,176,3913,0.957,189,3900,0.954,4089,20.0,99.5,2022,10,October,4,Fall,0.992,0.969,0.957,33.0,3993.0,0.9726666666666668,0.962,112.66666666666669,0.0430423086329175,0.898,0.21,0.14,2,82.7,9.766666666666667,-2.5,3,41.5
2022-11-01,7-Day,406,3587,0.898,409,3584,0.898,3993,25.0,99.4,2022,11,November,4,Fall,0.957,0.992,0.969,176.0,4089.0,0.9726666666666668,0.9621666666666666,113.0,0.1016779363886802,0.963,1.4,0.56,4,108.4,2.9516129032258065,-12.6,18,51.8
2022-12-01,7-Day,150,3939,0.963,163,3926,0.96,4089,12.0,99.7,2022,12,December,4,Winter,0.898,0.957,0.992,406.0,3993.0,0.949,0.9556666666666668,205.0,0.0366837857666911,0.99,0.56,0.28,2,106.0,5.048387096774194,-1.8,8,47.4
2023-01-01,7-Day,40,4049,0.99,48,4041,0.988,4089,9.0,99.8,2023,1,January,1,Winter,0.963,0.898,0.957,150.0,4089.0,0.9393333333333334,0.956,244.0,0.0097823428711176,0.986,9.38,4.41,7,49.099999999999994,3.935714285714286,-15.3,12,43.7
2023-02-01,7-Day,50,3645,0.986,51,3644,0.986,3695,4.0,99.9,2023,2,February,1,Winter,0.99,0.963,0.898,40.0,4089.0,0.9503333333333334,0.9615,198.66666666666663,0.013531799729364,0.985,5.25,2.1,4,125.5,5.658064516129032,-2.6,9,50.8
2023-03-01,7-Day,63,4132,0.985,75,4120,0.982,4195,15.0,99.6,2023,3,March,1,Spring,0.986,0.99,0.963,50.0,3695.0,0.9796666666666668,0.9643333333333334,80.0,0.0150178784266984,0.979,0.0,0.0,0,146.3,12.653333333333334,2.1,0,40.6
2023-04-01,7-Day,84,3856,0.979,92,3848,0.977,3940,12.0,99.7,2023,4,April,2,Spring,0.985,0.986,0.99,63.0,4195.0,0.987,0.9631666666666666,51.0,0.0213197969543147,0.972,0.0,0.0,0,37.3,15.535483870967743,6.4,0,41.5
2023-05-01,7-Day,118,4024,0.972,127,4015,0.969,4142,26.0,99.4,2023,5,May,2,Spring,0.979,0.985,0.986,84.0,3940.0,0.9833333333333334,0.9668333333333332,65.66666666666667,0.0284886528247223,0.979,0.0,0.0,0,90.3,19.82,11.0,0,32.7
2023-06-01,7-Day,85,3961,0.979,93,3953,0.977,4046,23.0,99.4,2023,6,June,2,Summer,0.972,0.979,0.985,118.0,4142.0,0.9786666666666668,0.9791666666666666,88.33333333333333,0.0210084033613445,0.981,0.0,0.0,0,144.3,24.958064516129035,17.5,0,34.2
2023-07-01,7-Day,75,3961,0.981,78,3958,0.981,4036,17.0,99.6,2023,7,July,3,Summer,0.979,0.972,0.979,85.0,4046.0,0.9766666666666666,0.9818333333333332,95.66666666666669,0.0185827552031714,0.992,0.0,0.0,0,110.3,23.358064516129033,16.0,0,32.8
2023-08-01,7-Day,34,4161,0.992,41,4154,0.99,4195,2.0,100.0,2023,8,August,3,Summer,0.981,0.979,0.972,75.0,4036.0,0.9773333333333332,0.9803333333333334,92.66666666666669,0.0081048867699642,0.968,0.0,0.0,0,226.1,20.48,10.5,0,35.6
2023-09-01,7-Day,128,3812,0.968,138,3802,0.965,3940,26.0,99.3,2023,9,September,3,Fall,0.992,0.981,0.979,34.0,4195.0,0.984,0.9813333333333332,64.66666666666667,0.03248730964467,0.955,0.0,0.0,0,106.0,14.974193548387095,6.1,0,28.9
2023-10-01,7-Day,186,3956,0.955,197,3945,0.952,4142,16.0,99.6,2023,10,October,4,Fall,0.968,0.992,0.981,128.0,3940.0,0.9803333333333332,0.9785,79.0,0.0449058425881216,0.823,0.0,0.0,0,49.6,7.256666666666666,-3.3,6,46.8
2023-11-01,7-Day,705,3288,0.823,719,3274,0.82,3993,62.0,98.4,2023,11,November,4,Fall,0.955,0.968,0.992,186.0,4142.0,0.9716666666666668,0.9745,116.0,0.1765589782118707,0.929,0.14,0.14,1,223.0,5.66774193548387,-5.0,11,55.8
2023-12-01,7-Day,286,3750,0.929,336,3700,0.917,4036,39.0,99.0,2023,12,December,4,Winter,0.823,0.955,0.968,705.0,3993.0,0.9153333333333332,0.9496666666666664,339.6666666666667,0.0708622398414271,0.967,10.08,3.71,7,183.2,1.9258064516129032,-8.5,19,62.0
2024-01-01,7-Day,135,4007,0.967,148,3994,0.964,4142,41.0,99.0,2024,1,January,1,Winter,0.929,0.823,0.955,286.0,4036.0,0.9023333333333332,0.9413333333333332,392.3333333333333,0.0325929502655721,0.965,21.28,14.56,4,62.5,2.7241379310344827,-6.3,21,39.3
2024-02-01,7-Day,136,3708,0.965,140,3704,0.964,3844,33.0,99.1,2024,2,February,1,Winter,0.967,0.929,0.823,135.0,4142.0,0.9063333333333332,0.939,375.3333333333333,0.0353798126951092,0.97,0.42,0.35,2,221.4,7.33225806451613,-4.1,5,45.4
2024-03-01,7-Day,122,3967,0.97,132,3957,0.968,4089,19.0,99.5,2024,3,March,1,Spring,0.965,0.967,0.929,136.0,3844.0,0.9536666666666666,0.9345,185.66666666666663,0.0298361457569087,0.981,0.56,0.56,1,127.2,10.673333333333334,1.2,0,48.9
2024-04-01,7-Day,78,3968,0.981,94,3952,0.977,4046,18.0,99.6,2024,4,April,2,Spring,0.97,0.965,0.967,122.0,4089.0,0.9673333333333334,0.9348333333333332,131.0,0.0192782995551161,0.979,0.0,0.0,0,87.4,16.970967741935485,7.5,0,35.4
2024-05-01,7-Day,87,4055,0.979,104,4038,0.975,4142,4.0,99.9,2024,5,May,2,Spring,0.981,0.97,0.965,78.0,4046.0,0.972,0.9391666666666666,112.0,0.021004345726702,0.971,0.0,0.0,0,77.8,23.23,14.6,0,45.7
2024-06-01,7-Day,111,3776,0.971,124,3763,0.968,3887,13.0,99.7,2024,6,June,2,Summer,0.979,0.981,0.97,87.0,4142.0,0.9766666666666666,0.9651666666666668,95.66666666666669,0.028556727553383,0.973,0.0,0.0,0,74.9,25.625806451612902,17.0,0,31.9
2024-07-01,7-Day,113,4029,0.973,128,4014,0.969,4142,39.0,99.1,2024,7,July,3,Summer,0.971,0.979,0.981,111.0,3887.0,0.977,0.9721666666666664,92.0,0.02728150651859,0.985,0.0,0.0,0,122.6,23.45483870967742,13.8,0,41.2
2024-08-01,7-Day,62,4080,0.985,75,4067,0.982,4142,3.0,99.9,2024,8,August,3,Summer,0.973,0.971,0.979,113.0,4142.0,0.9743333333333334,0.9731666666666668,103.66666666666669,0.0149686141960405,0.978,0.0,0.0,0,28.8,19.92,12.0,0,28.4
2024-09-01,7-Day,87,3853,0.978,94,3846,0.976,3940,6.0,99.8,2024,9,September,3,Fall,0.985,0.973,0.971,62.0,4142.0,0.9763333333333332,0.9765,95.33333333333331,0.0220812182741116,0.926,0.0,0.0,0,10.2,15.36451612903226,3.4,0,37.6
2024-10-01,7-Day,309,3886,0.926,339,3856,0.919,4195,31.0,99.3,2024,10,October,4,Fall,0.978,0.985,0.973,87.0,3940.0,0.9786666666666668,0.9778333333333332,87.33333333333333,0.0736591179976162,0.909,0.0,0.0,0,82.10000000000001,10.48,-1.5,1,32.7
2024-11-01,7-Day,364,3629,0.909,388,3605,0.903,3993,12.0,99.7,2024,11,November,4,Fall,0.926,0.978,0.985,309.0,4195.0,0.963,0.9686666666666666,152.66666666666666,0.0911595291760581,0.961,5.46,2.94,6,105.9,2.5903225806451613,-12.7,17,34.1
2024-12-01,7-Day,161,3928,0.961,192,3897,0.953,4089,9.0,99.8,2024,12,December,4,Winter,0.909,0.926,0.978,364.0,3993.0,0.9376666666666668,0.9570000000000002,253.33333333333337,0.0393739300562484,0.978,8.47,5.11,7,27.0,-1.3193548387096774,-13.9,27,34.3
2025-01-01,7-Day,93,4049,0.978,99,4043,0.976,4142,16.0,99.6,2025,1,January,1,Winter,0.961,0.909,0.926,161.0,4089.0,0.932,0.9553333333333334,278.0,0.0224529212940608,0.947,15.4,3.92,10,87.2,1.0178571428571428,-8.9,21,37.1
2025-02-01,7-Day,195,3500,0.947,198,3497,0.946,3695,26.0,99.3,2025,2,February,1,Winter,0.978,0.961,0.909,93.0,4142.0,0.9493333333333333,0.9561666666666668,206.0,0.0527740189445196,0.973,0.0,0.0,0,137.5,7.612903225806452,-6.2,7,36.7
2025-03-01,7-Day,112,3977,0.973,112,3977,0.973,4089,20.0,99.5,2025,3,March,1,Spring,0.947,0.978,0.961,195.0,3695.0,0.962,0.9498333333333332,149.66666666666666,0.0273905600391293,0.972,0.77,0.77,1,87.1,12.536666666666669,-1.0,1,33.4
2025-04-01,7-Day,112,3934,0.972,114,3932,0.972,4046,36.0,99.1,2025,4,April,2,Spring,0.973,0.947,0.978,112.0,4089.0,0.966,0.949,133.33333333333334,0.0276816608996539,0.987,0.0,0.0,0,205.9,16.629032258064516,9.2,0,29.9
2025-05-01,7-Day,52,4090,0.987,57,4085,0.986,4142,3.0,99.9,2025,5,May,2,Spring,0.972,0.973,0.947,112.0,4046.0,0.964,0.9566666666666668,139.66666666666666,0.0125543215837759,0.972,0.0,0.0,0,55.4,23.383333333333333,10.2,0,24.2
2025-06-01,7-Day,111,3882,0.972,116,3877,0.971,3993,15.0,99.6,2025,6,June,2,Summer,0.987,0.972,0.973,52.0,4142.0,0.9773333333333332,0.9696666666666666,92.0,0.0277986476333583,0.969,0.0,0.0,0,115.9,26.348387096774193,18.8,0,24.7
2025-07-01,7-Day,128,4014,0.969,132,4010,0.968,4142,31.0,99.3,2025,7,July,3,Summer,0.972,0.987,0.972,111.0,3993.0,0.977,0.9715,91.66666666666669,0.0309029454369869,0.966,0.0,0.0,0,20.4,23.04516129032258,14.8,0,27.3
2025-08-01,7-Day,137,3952,0.966,137,3952,0.966,4089,6.0,99.9,2025,8,August,3,Summer,0.969,0.972,0.987,128.0,4142.0,0.976,0.97,97.0,0.0335045243335778,0.986,0.0,0.0,0,110.0,20.89,13.3,0,24.4
2025-09-01,7-Day,54,3939,0.986,59,3934,0.985,3993,4.0,99.9,2025,9,September,3,Fall,0.966,0.969,0.972,137.0,4089.0,0.969,0.9731666666666668,125.33333333333331,0.0135236664162283,0.974,0.0,0.0,0,109.7,14.548387096774194,4.9,0,43.6
2025-10-01,7-Day,107,4088,0.974,115,4080,0.973,4195,13.0,99.7,2025,10,October,4,Fall,0.986,0.966,0.969,54.0,3993.0,0.9736666666666666,0.9753333333333334,106.33333333333331,0.0255065554231227,0.922,0.56,0.42,2,59.9,8.07,0.3,0,34.4
2025-11-01,7-Day,303,3584,0.922,311,3576,0.92,3887,54.0,98.6,2025,11,November,4,Fall,0.974,0.986,0.966,107.0,4195.0,0.9753333333333334,0.9756666666666668,99.33333333333331,0.0779521481862619,0.98,17.150000000000002,7.07,10,85.7,0.4419354838709677,-9.9,28,38.5
2025-12-01,7-Day,81,4061,0.98,88,4054,0.979,4142,16.0,99.6,2025,12,December,4,Winter,0.922,0.974,0.986,303.0,3887.0,0.9606666666666666,0.9648333333333332,154.66666666666666,0.0195557701593433,0.964,26.67,16.45,10,67.5,-1.8258064516129031,-14.7,23,33.3
2026-01-01,7-Day,149,3940,0.964,151,3938,0.963,4089,20.0,99.5,2026,1,January,1,Winter,0.98,0.922,0.974,81.0,4142.0,0.9586666666666668,0.9661666666666668,163.66666666666666,0.0364392271949131,0.94,30.45,17.85,8,58.4,-2.3214285714285716,-16.8,23,38.9
2026-02-01,7-Day,222,3473,0.94,229,3466,0.938,3695,135.0,96.3,2026,2,February,1,Winter,0.964,0.98,0.922,149.0,4089.0,0.9553333333333331,0.9653333333333332,177.66666666666666,0.0600811907983761,0.988,2.5900000000000003,1.05,5,99.0,7.216129032258064,-8.4,9,41.9
2026-03-01,7-Day,50,4092,0.988,58,4084,0.986,4142,6.0,99.9,2026,3,March,1,Spring,0.94,0.964,0.98,222.0,3695.0,0.9613333333333332,0.961,150.66666666666666,0.012071463061323,0.977,0.0,0.0,0,61.900000000000006,12.663333333333332,-1.0,1,26.5
2026-04-01,7-Day,92,3954,0.977,94,3952,0.977,4046,19.0,99.5,2026,4,April,2,Spring,0.988,0.94,0.964,50.0,4142.0,0.964,0.9613333333333332,140.33333333333334,0.0227385071675729,0.976,0.0,0.0,0,98.8,17.654838709677417,7.3,0,31.1
2026-05-01,7-Day,98,3938,0.976,98,3938,0.976,4036,17.0,99.6,2026,5,May,2,Spring,0.977,0.988,0.94,92.0,4046.0,0.9683333333333332,0.9618333333333332,121.33333333333331,0.0242814667988107,0.988,0.0,0.0,0,84.1,23.37,11.0,0,36.0
