Month,Day Time,Delayed Trains,On-Time Trips,On-Time Performance,Delayed Trains (With Boat),On-Time Trips (With Boat),On-Time Performance (With Boat),Scheduled Trips,Incomplete Trips,Trip Complete Percentage,Year,Month_Number,Month_Name
2006-01-01,Weekday,83,2621,0.969,124,2580,0.954,2704,,,2006,1,January
2006-01-01,AM Rush,21,672,0.97,24,669,0.965,693,,,2006,1,January
2006-01-01,PM Rush,10,830,0.988,34,806,0.96,840,,,2006,1,January
2006-01-01,Weekend,96,722,0.883,103,715,0.874,818,,,2006,1,January
2006-01-01,7-Day,179,3343,0.949,227,3295,0.936,3522,10.0,99.7,2006,1,January
2006-02-01,Weekday,37,2410,0.985,50,2397,0.98,2447,,,2006,2,February
2006-02-01,AM Rush,24,603,0.962,25,602,0.96,627,,,2006,2,February
2006-02-01,PM Rush,8,790,0.99,16,782,0.98,798,,,2006,2,February
2006-02-01,Weekend,14,723,0.981,15,722,0.98,737,,,2006,2,February
2006-02-01,7-Day,51,3133,0.984,65,3119,0.98,3184,2.0,99.9,2006,2,February
2006-03-01,Weekday,0,2963,1.0,0,2963,1.0,2963,,,2006,3,March
2006-03-01,AM Rush,0,759,1.0,0,759,1.0,759,,,2006,3,March
2006-03-01,PM Rush,0,966,1.0,0,966,1.0,966,,,2006,3,March
2006-03-01,Weekend,0,656,1.0,0,656,1.0,656,,,2006,3,March
2006-03-01,7-Day,0,3619,1.0,0,3619,1.0,3619,0.0,100.0,2006,3,March
2006-04-01,Weekday,109,2467,0.958,139,2437,0.946,2576,,,2006,4,April
2006-04-01,AM Rush,11,649,0.983,13,647,0.98,660,,,2006,4,April
2006-04-01,PM Rush,13,869,0.985,37,845,0.958,882,,,2006,4,April
2006-04-01,Weekend,10,810,0.988,21,799,0.974,820,,,2006,4,April
2006-04-01,7-Day,119,3277,0.965,160,3236,0.953,3396,33.0,99.0,2006,4,April
2006-05-01,Weekday,111,2722,0.961,125,2708,0.956,2833,,,2006,5,May
2006-05-01,AM Rush,29,697,0.96,31,695,0.957,726,,,2006,5,May
2006-05-01,PM Rush,5,877,0.994,23,859,0.974,882,,,2006,5,May
2006-05-01,Weekend,2,735,0.997,28,709,0.962,737,,,2006,5,May
2006-05-01,7-Day,113,3457,0.968,153,3417,0.957,3570,45.0,98.7,2006,5,May
2006-06-01,Weekday,41,2793,0.986,74,2760,0.974,2834,,,2006,6,June
2006-06-01,AM Rush,10,716,0.986,13,713,0.982,726,,,2006,6,June
2006-06-01,PM Rush,4,920,0.996,19,905,0.979,924,,,2006,6,June
2006-06-01,Weekend,20,636,0.97,26,630,0.96,656,,,2006,6,June
2006-06-01,7-Day,61,3429,0.983,100,3390,0.971,3490,66.0,98.1,2006,6,June
2006-07-01,Weekday,97,2471,0.962,157,2411,0.939,2568,,,2006,7,July
2006-07-01,AM Rush,4,656,0.994,4,656,0.994,660,,,2006,7,July
2006-07-01,PM Rush,10,830,0.988,49,791,0.942,840,,,2006,7,July
2006-07-01,Weekend,7,891,0.992,35,863,0.961,898,,,2006,7,July
2006-07-01,7-Day,104,3362,0.97,192,3274,0.945,3466,26.0,99.2,2006,7,July
2006-08-01,Weekday,29,2930,0.99,119,2840,0.96,2959,,,2006,8,August
2006-08-01,AM Rush,9,750,0.988,11,748,0.986,759,,,2006,8,August
2006-08-01,PM Rush,10,956,0.99,42,924,0.957,966,,,2006,8,August
2006-08-01,Weekend,76,576,0.883,41,611,0.937,652,,,2006,8,August
2006-08-01,7-Day,105,3506,0.971,160,3451,0.956,3611,0.0,100.0,2006,8,August
2006-09-01,Weekday,146,2426,0.943,200,2372,0.922,2572,,,2006,9,September
2006-09-01,AM Rush,53,607,0.92,57,603,0.914,660,,,2006,9,September
2006-09-01,PM Rush,14,868,0.984,81,801,0.908,882,,,2006,9,September
2006-09-01,Weekend,13,802,0.984,20,795,0.975,815,,,2006,9,September
2006-09-01,7-Day,159,3228,0.953,220,3167,0.935,3387,0.0,100.0,2006,9,September
2006-10-01,Weekday,146,2682,0.948,200,2628,0.929,2828,,,2006,10,October
2006-10-01,AM Rush,53,673,0.927,57,669,0.921,726,,,2006,10,October
2006-10-01,PM Rush,14,868,0.984,81,801,0.908,882,,,2006,10,October
2006-10-01,Weekend,13,719,0.982,20,712,0.973,732,,,2006,10,October
2006-10-01,7-Day,159,3401,0.955,220,3340,0.938,3560,38.0,98.9,2006,10,October
2006-11-01,Weekday,115,2586,0.957,269,2432,0.9,2701,,,2006,11,November
2006-11-01,AM Rush,35,658,0.949,39,654,0.944,693,,,2006,11,November
2006-11-01,PM Rush,68,856,0.926,97,827,0.895,924,,,2006,11,November
2006-11-01,Weekend,124,611,0.831,34,701,0.954,735,,,2006,11,November
2006-11-01,7-Day,239,3197,0.93,303,3133,0.912,3436,20.0,99.4,2006,11,November
2006-12-01,Weekday,53,2479,0.979,96,2436,0.962,2532,,,2006,12,December
2006-12-01,AM Rush,4,656,0.994,5,655,0.992,660,,,2006,12,December
2006-12-01,PM Rush,17,865,0.981,44,838,0.95,882,,,2006,12,December
2006-12-01,Weekend,15,880,0.983,22,873,0.975,895,,,2006,12,December
2006-12-01,7-Day,68,3359,0.98,118,3309,0.966,3427,2.0,99.9,2006,12,December
2007-01-01,Weekday,53,2731,0.981,104,2680,0.963,2784,,,2007,1,January
2007-01-01,AM Rush,5,721,0.993,8,718,0.989,726,,,2007,1,January
2007-01-01,PM Rush,5,877,0.994,33,849,0.963,882,,,2007,1,January
2007-01-01,Weekend,2,730,0.997,11,721,0.985,732,,,2007,1,January
2007-01-01,7-Day,55,3461,0.984,115,3401,0.967,3516,0.0,100.0,2007,1,January
2007-02-01,Weekday,19,2386,0.992,51,2354,0.979,2405,,,2007,2,February
2007-02-01,AM Rush,6,621,0.99,6,621,0.99,627,,,2007,2,February
2007-02-01,PM Rush,4,794,0.995,17,781,0.979,798,,,2007,2,February
2007-02-01,Weekend,2,730,0.997,4,728,0.995,732,,,2007,2,February
2007-02-01,7-Day,21,3116,0.993,55,3082,0.982,3137,0.0,100.0,2007,2,February
2007-03-01,Weekday,48,2738,0.983,75,2711,0.973,2786,,,2007,3,March
2007-03-01,AM Rush,7,719,0.99,7,719,0.99,726,,,2007,3,March
2007-03-01,PM Rush,19,947,0.98,46,920,0.952,966,,,2007,3,March
2007-03-01,Weekend,15,720,0.98,35,700,0.952,735,,,2007,3,March
2007-03-01,7-Day,63,3458,0.982,110,3411,0.969,3521,5.0,99.9,2007,3,March
2007-04-01,Weekday,18,2639,0.993,31,2626,0.988,2657,,,2007,4,April
2007-04-01,AM Rush,1,692,0.999,1,692,0.999,693,,,2007,4,April
2007-04-01,PM Rush,9,831,0.989,12,828,0.986,840,,,2007,4,April
2007-04-01,Weekend,19,713,0.974,35,697,0.952,732,,,2007,4,April
2007-04-01,7-Day,37,3352,0.989,66,3323,0.981,3389,1.0,100.0,2007,4,April
2007-05-01,Weekday,45,2741,0.984,69,2717,0.975,2786,,,2007,5,May
2007-05-01,AM Rush,2,724,0.997,2,724,0.997,726,,,2007,5,May
2007-05-01,PM Rush,3,921,0.997,13,911,0.986,924,,,2007,5,May
2007-05-01,Weekend,15,717,0.98,41,691,0.944,732,,,2007,5,May
2007-05-01,7-Day,60,3458,0.983,110,3408,0.969,3518,2.0,99.9,2007,5,May
2007-06-01,Weekday,90,2569,0.966,127,2532,0.952,2659,,,2007,6,June
2007-06-01,AM Rush,7,686,0.99,8,685,0.988,693,,,2007,6,June
2007-06-01,PM Rush,12,912,0.987,29,895,0.969,924,,,2007,6,June
2007-06-01,Weekend,5,730,0.993,24,711,0.967,735,,,2007,6,June
2007-06-01,7-Day,95,3299,0.972,151,3243,0.956,3394,11.0,99.7,2007,6,June
2007-07-01,Weekday,76,2579,0.971,138,2517,0.948,2655,,,2007,7,July
2007-07-01,AM Rush,7,686,0.99,7,686,0.99,693,,,2007,7,July
2007-07-01,PM Rush,6,834,0.993,47,793,0.944,840,,,2007,7,July
2007-07-01,Weekend,16,799,0.98,35,780,0.957,815,,,2007,7,July
2007-07-01,7-Day,92,3378,0.973,173,3297,0.95,3470,16.0,99.5,2007,7,July
2007-08-01,Weekday,31,2882,0.989,124,2789,0.957,2913,,,2007,8,August
2007-08-01,AM Rush,6,753,0.992,7,752,0.991,759,,,2007,8,August
2007-08-01,PM Rush,23,943,0.976,60,906,0.938,966,,,2007,8,August
2007-08-01,Weekend,80,572,0.877,61,591,0.906,652,,,2007,8,August
2007-08-01,7-Day,111,3454,0.969,185,3380,0.948,3565,6.0,99.8,2007,8,August
2007-09-01,Weekday,201,2204,0.916,252,2153,0.895,2405,,,2007,9,September
2007-09-01,AM Rush,32,595,0.949,32,595,0.949,627,,,2007,9,September
2007-09-01,PM Rush,0,840,1.0,23,817,0.973,840,,,2007,9,September
2007-09-01,Weekend,22,873,0.975,56,839,0.937,895,,,2007,9,September
2007-09-01,7-Day,223,3077,0.932,308,2992,0.907,3300,4.0,99.9,2007,9,September
2007-10-01,Weekday,206,2705,0.929,317,2594,0.891,2911,,,2007,10,October
2007-10-01,AM Rush,37,722,0.951,41,718,0.946,759,,,2007,10,October
2007-10-01,PM Rush,29,895,0.969,111,813,0.88,924,,,2007,10,October
2007-10-01,Weekend,22,630,0.966,31,621,0.952,652,,,2007,10,October
2007-10-01,7-Day,228,3335,0.936,348,3215,0.902,3563,20.0,99.4,2007,10,October
2007-11-01,Weekday,202,2455,0.924,346,2311,0.87,2657,,,2007,11,November
2007-11-01,AM Rush,12,681,0.983,16,677,0.977,693,,,2007,11,November
2007-11-01,PM Rush,76,806,0.914,162,720,0.816,882,,,2007,11,November
2007-11-01,Weekend,30,705,0.959,38,697,0.948,735,,,2007,11,November
2007-11-01,7-Day,232,3160,0.932,384,3008,0.887,3392,0.0,100.0,2007,11,November
2007-12-01,Weekday,221,2581,0.921,335,2467,0.88,2802,,,2007,12,December
2007-12-01,AM Rush,63,597,0.905,65,595,0.902,660,,,2007,12,December
2007-12-01,PM Rush,52,788,0.938,130,710,0.845,840,,,2007,12,December
2007-12-01,Weekend,20,878,0.978,35,863,0.961,898,,,2007,12,December
2007-12-01,7-Day,241,3459,0.935,370,3330,0.9,3700,0.0,100.0,2007,12,December
2008-01-01,Weekday,63,3024,0.98,114,2973,0.963,3087,,,2008,1,January
2008-01-01,AM Rush,9,387,0.977,9,387,0.977,396,,,2008,1,January
2008-01-01,PM Rush,10,536,0.982,31,515,0.943,546,,,2008,1,January
2008-01-01,Weekend,6,726,0.992,6,726,0.992,732,,,2008,1,January
2008-01-01,7-Day,69,3750,0.982,120,3699,0.969,3819,0.0,100.0,2008,1,January
2008-02-01,Weekday,49,2759,0.983,82,2726,0.971,2808,,,2008,2,February
2008-02-01,AM Rush,8,352,0.978,8,352,0.978,360,,,2008,2,February
2008-02-01,PM Rush,6,514,0.988,20,500,0.962,520,,,2008,2,February
2008-02-01,Weekend,6,726,0.992,11,721,0.985,732,,,2008,2,February
2008-02-01,7-Day,55,3485,0.984,93,3447,0.974,3540,0.0,100.0,2008,2,February
2008-03-01,Weekday,61,2885,0.979,107,2839,0.964,2946,,,2008,3,March
2008-03-01,AM Rush,6,372,0.984,8,370,0.979,378,,,2008,3,March
2008-03-01,PM Rush,9,537,0.984,29,517,0.947,546,,,2008,3,March
2008-03-01,Weekend,10,805,0.988,20,795,0.975,815,,,2008,3,March
2008-03-01,7-Day,71,3690,0.981,127,3634,0.966,3761,0.0,100.0,2008,3,March
2008-04-01,Weekday,68,3022,0.978,121,2969,0.961,3090,,,2008,4,April
2008-04-01,AM Rush,0,396,1.0,0,396,1.0,396,,,2008,4,April
2008-04-01,PM Rush,4,568,0.993,18,554,0.969,572,,,2008,4,April
2008-04-01,Weekend,27,625,0.959,27,625,0.959,652,,,2008,4,April
2008-04-01,7-Day,95,3647,0.975,148,3594,0.96,3742,0.0,100.0,2008,4,April
2008-05-01,Weekday,123,2829,0.958,221,2731,0.925,2952,,,2008,5,May
2008-05-01,AM Rush,3,375,0.992,3,375,0.992,378,,,2008,5,May
2008-05-01,PM Rush,0,572,1.0,53,519,0.907,572,,,2008,5,May
2008-05-01,Weekend,0,815,1.0,0,815,1.0,815,,,2008,5,May
2008-05-01,7-Day,123,3644,0.967,221,3546,0.941,3767,0.0,100.0,2008,5,May
2008-06-01,Weekday,168,2778,0.943,238,2708,0.919,2946,,,2008,6,June
2008-06-01,AM Rush,0,378,1.0,0,378,1.0,378,,,2008,6,June
2008-06-01,PM Rush,17,503,0.967,64,456,0.877,520,,,2008,6,June
2008-06-01,Weekend,7,725,0.99,25,707,0.966,732,,,2008,6,June
2008-06-01,7-Day,175,3503,0.952,263,3415,0.928,3678,1.0,100.0,2008,6,June
2008-07-01,Weekday,62,3031,0.98,138,2955,0.955,3093,,,2008,7,July
2008-07-01,AM Rush,0,396,1.0,0,396,1.0,396,,,2008,7,July
2008-07-01,PM Rush,8,590,0.987,23,575,0.962,598,,,2008,7,July
2008-07-01,Weekend,0,735,1.0,0,735,1.0,735,,,2008,7,July
2008-07-01,7-Day,62,3766,0.984,138,3690,0.964,3828,1.0,100.0,2008,7,July
2008-08-01,Weekday,99,2994,0.968,143,2950,0.954,3093,,,2008,8,August
2008-08-01,AM Rush,0,396,1.0,0,396,1.0,396,,,2008,8,August
2008-08-01,PM Rush,3,569,0.995,13,559,0.977,572,,,2008,8,August
2008-08-01,Weekend,111,621,0.848,143,589,0.805,732,,,2008,8,August
2008-08-01,7-Day,210,3615,0.945,286,3539,0.925,3825,0.0,100.0,2008,8,August
2008-09-01,Weekday,189,2760,0.936,212,2737,0.928,2949,,,2008,9,September
2008-09-01,AM Rush,0,378,1.0,0,378,1.0,378,,,2008,9,September
2008-09-01,PM Rush,1,545,0.998,16,530,0.971,546,,,2008,9,September
2008-09-01,Weekend,144,588,0.803,147,585,0.799,732,,,2008,9,September
2008-09-01,7-Day,333,3348,0.91,359,3322,0.902,3681,0.0,100.0,2008,9,September
2008-10-01,Weekday,216,3015,0.933,274,2957,0.915,3231,,,2008,10,October
2008-10-01,AM Rush,27,387,0.935,27,387,0.935,414,,,2008,10,October
2008-10-01,PM Rush,2,596,0.997,3,595,0.995,598,,,2008,10,October
2008-10-01,Weekend,168,484,0.742,190,462,0.709,652,,,2008,10,October
2008-10-01,7-Day,384,3499,0.901,464,3419,0.881,3883,6.0,99.8,2008,10,October
2008-11-01,Weekday,359,2308,0.865,415,2252,0.844,2667,,,2008,11,November
2008-11-01,AM Rush,8,334,0.977,31,311,0.909,342,,,2008,11,November
2008-11-01,PM Rush,21,499,0.96,38,482,0.927,520,,,2008,11,November
2008-11-01,Weekend,199,699,0.778,233,665,0.741,898,,,2008,11,November
2008-11-01,7-Day,558,3007,0.843,648,2917,0.818,3565,5.0,99.9,2008,11,November
2008-12-01,Weekday,209,2884,0.932,322,2771,0.896,3093,,,2008,12,December
2008-12-01,AM Rush,17,379,0.957,17,379,0.957,396,,,2008,12,December
2008-12-01,PM Rush,36,536,0.937,96,476,0.832,572,,,2008,12,December
2008-12-01,Weekend,86,649,0.883,105,630,0.857,735,,,2008,12,December
2008-12-01,7-Day,295,3533,0.923,427,3401,0.888,3828,3.0,99.9,2008,12,December
2009-01-01,Weekday,105,2841,0.964,131,2815,0.956,2946,,,2009,1,January
2009-01-01,AM Rush,0,378,1.0,1,377,0.997,378,,,2009,1,January
2009-01-01,PM Rush,7,565,0.988,25,547,0.956,572,,,2009,1,January
2009-01-01,Weekend,44,774,0.946,49,769,0.94,818,,,2009,1,January
2009-01-01,7-Day,149,3615,0.96,180,3584,0.952,3764,2.0,99.9,2009,1,January
2009-02-01,Weekday,147,2523,0.945,174,2496,0.935,2670,,,2009,2,February
2009-02-01,AM Rush,13,329,0.962,13,329,0.962,342,,,2009,2,February
2009-02-01,PM Rush,1,493,0.998,23,471,0.953,494,,,2009,2,February
2009-02-01,Weekend,26,706,0.964,26,706,0.964,732,,,2009,2,February
2009-02-01,7-Day,173,3229,0.949,200,3202,0.941,3402,15.0,99.6,2009,2,February
2009-03-01,Weekday,49,3038,0.984,91,2996,0.971,3087,,,2009,3,March
2009-03-01,AM Rush,0,396,1.0,1,395,0.997,396,,,2009,3,March
2009-03-01,PM Rush,7,539,0.987,25,521,0.954,546,,,2009,3,March
2009-03-01,Weekend,5,727,0.993,15,717,0.98,732,,,2009,3,March
2009-03-01,7-Day,54,3765,0.986,106,3713,0.972,3819,1.0,100.0,2009,3,March
2009-04-01,Weekday,83,3010,0.973,125,2968,0.96,3093,,,2009,4,April
2009-04-01,AM Rush,6,390,0.985,6,390,0.985,396,,,2009,4,April
2009-04-01,PM Rush,9,563,0.984,31,541,0.946,572,,,2009,4,April
2009-04-01,Weekend,12,640,0.982,28,624,0.957,652,,,2009,4,April
2009-04-01,7-Day,95,3650,0.975,153,3592,0.959,3745,2.0,99.9,2009,4,April
2009-05-01,Weekday,156,2655,0.945,182,2629,0.935,2811,,,2009,5,May
2009-05-01,AM Rush,2,358,0.994,2,358,0.994,360,,,2009,5,May
2009-05-01,PM Rush,2,544,0.996,12,534,0.978,546,,,2009,5,May
2009-05-01,Weekend,42,853,0.953,59,836,0.934,895,,,2009,5,May
2009-05-01,7-Day,198,3508,0.947,241,3465,0.935,3706,10.0,99.7,2009,5,May
2009-06-01,Weekday,106,2981,0.966,156,2931,0.949,3087,,,2009,6,June
2009-06-01,AM Rush,0,396,1.0,9,387,0.977,396,,,2009,6,June
2009-06-01,PM Rush,0,546,1.0,0,546,1.0,546,,,2009,6,June
2009-06-01,Weekend,38,614,0.942,56,596,0.914,652,,,2009,6,June
2009-06-01,7-Day,144,3595,0.961,212,3527,0.943,3739,10.0,99.7,2009,6,June
2009-07-01,Weekday,109,2984,0.965,198,2895,0.936,3093,,,2009,7,July
2009-07-01,AM Rush,0,396,1.0,0,396,1.0,396,,,2009,7,July
2009-07-01,PM Rush,30,542,0.948,60,512,0.895,572,,,2009,7,July
2009-07-01,Weekend,21,711,0.971,55,677,0.925,732,,,2009,7,July
2009-07-01,7-Day,130,3695,0.966,253,3572,0.934,3825,14.0,99.6,2009,7,July
2009-08-01,Weekday,67,2879,0.977,119,2827,0.96,2946,,,2009,8,August
2009-08-01,AM Rush,0,378,1.0,0,378,1.0,378,,,2009,8,August
2009-08-01,PM Rush,3,543,0.995,21,525,0.962,546,,,2009,8,August
2009-08-01,Weekend,36,779,0.956,48,767,0.941,815,,,2009,8,August
2009-08-01,7-Day,103,3658,0.973,167,3594,0.956,3761,12.0,99.7,2009,8,August
2009-09-01,Weekday,54,2898,0.982,102,2850,0.965,2952,,,2009,9,September
2009-09-01,AM Rush,0,378,1.0,0,378,1.0,378,,,2009,9,September
2009-09-01,PM Rush,9,537,0.984,31,515,0.943,546,,,2009,9,September
2009-09-01,Weekend,15,717,0.98,36,696,0.951,732,,,2009,9,September
2009-09-01,7-Day,69,3615,0.981,138,3546,0.963,3684,7.0,99.8,2009,9,September
2009-10-01,Weekday,209,2881,0.932,265,2825,0.914,3090,,,2009,10,October
2009-10-01,AM Rush,20,376,0.949,21,375,0.947,396,,,2009,10,October
2009-10-01,PM Rush,20,578,0.967,49,549,0.918,598,,,2009,10,October
2009-10-01,Weekend,54,681,0.927,72,663,0.902,735,,,2009,10,October
2009-10-01,7-Day,263,3562,0.931,337,3488,0.912,3825,40.0,99.0,2009,10,October
2009-11-01,Weekday,367,2441,0.869,467,2341,0.834,2808,,,2009,11,November
2009-11-01,AM Rush,41,319,0.886,42,318,0.883,360,,,2009,11,November
2009-11-01,PM Rush,51,443,0.897,98,396,0.802,494,,,2009,11,November
2009-11-01,Weekend,55,760,0.933,79,736,0.903,815,,,2009,11,November
2009-11-01,7-Day,422,3201,0.884,546,3077,0.849,3623,60.0,98.3,2009,11,November
2009-12-01,Weekday,118,2978,0.962,191,2905,0.938,3096,,,2009,12,December
2009-12-01,AM Rush,11,385,0.972,19,377,0.952,396,,,2009,12,December
2009-12-01,PM Rush,11,587,0.982,29,569,0.952,598,,,2009,12,December
2009-12-01,Weekend,60,675,0.918,80,655,0.891,735,,,2009,12,December
2009-12-01,7-Day,178,3653,0.954,271,3560,0.929,3831,29.0,99.2,2009,12,December
2010-01-01,Weekday,100,2708,0.964,121,2687,0.957,2808,,,2010,1,January
2010-01-01,AM Rush,3,357,0.992,3,357,0.992,360,,,2010,1,January
2010-01-01,PM Rush,2,544,0.996,15,531,0.973,546,,,2010,1,January
2010-01-01,Weekend,5,890,0.994,18,877,0.98,895,,,2010,1,January
2010-01-01,7-Day,105,3598,0.972,139,3564,0.962,3703,6.0,99.8,2010,1,January
2010-02-01,Weekday,115,2555,0.957,145,2525,0.946,2670,,,2010,2,February
2010-02-01,AM Rush,2,340,0.994,2,340,0.994,342,,,2010,2,February
2010-02-01,PM Rush,21,473,0.957,29,465,0.941,494,,,2010,2,February
2010-02-01,Weekend,12,720,0.984,15,717,0.98,732,,,2010,2,February
2010-02-01,7-Day,127,3275,0.963,160,3242,0.953,3402,62.0,98.2,2010,2,February
2010-03-01,Weekday,119,3109,0.963,156,3072,0.952,3228,,,2010,3,March
2010-03-01,AM Rush,4,410,0.99,4,410,0.99,414,,,2010,3,March
2010-03-01,PM Rush,6,566,0.99,28,544,0.951,572,,,2010,3,March
2010-03-01,Weekend,45,607,0.931,54,598,0.917,652,,,2010,3,March
2010-03-01,7-Day,164,3716,0.958,210,3670,0.946,3880,21.0,99.5,2010,3,March
2010-04-01,Weekday,105,2985,0.966,162,2928,0.948,3090,,,2010,4,April
2010-04-01,AM Rush,0,396,1.0,0,396,1.0,396,,,2010,4,April
2010-04-01,PM Rush,2,570,0.997,18,554,0.969,572,,,2010,4,April
2010-04-01,Weekend,0,652,1.0,18,634,0.972,652,,,2010,4,April
2010-04-01,7-Day,105,3637,0.972,180,3562,0.952,3742,18.0,99.5,2010,4,April
2010-05-01,Weekday,42,2910,0.986,106,2846,0.964,2952,,,2010,5,May
2010-05-01,AM Rush,11,367,0.971,11,367,0.971,378,,,2010,5,May
2010-05-01,PM Rush,0,546,1.0,34,512,0.938,546,,,2010,5,May
2010-05-01,Weekend,11,801,0.986,48,764,0.941,812,,,2010,5,May
2010-05-01,7-Day,53,3711,0.986,154,3610,0.959,3764,11.0,99.7,2010,5,May
2010-06-01,Weekday,178,2909,0.942,238,2849,0.923,3087,,,2010,6,June
2010-06-01,AM Rush,1,395,0.997,1,395,0.997,396,,,2010,6,June
2010-06-01,PM Rush,24,522,0.956,52,494,0.905,546,,,2010,6,June
2010-06-01,Weekend,1,651,0.998,25,627,0.962,652,,,2010,6,June
2010-06-01,7-Day,179,3560,0.952,263,3476,0.93,3739,10.0,99.7,2010,6,June
2010-07-01,Weekday,177,2775,0.94,272,2680,0.908,2952,,,2010,7,July
2010-07-01,AM Rush,0,378,1.0,0,378,1.0,378,,,2010,7,July
2010-07-01,PM Rush,21,551,0.963,94,478,0.836,572,,,2010,7,July
2010-07-01,Weekend,41,774,0.95,41,774,0.95,815,,,2010,7,July
2010-07-01,7-Day,181,3586,0.952,313,3454,0.917,3767,30.0,99.2,2010,7,July
2010-08-01,Weekday,97,2990,0.969,161,2926,0.948,3087,,,2010,8,August
2010-08-01,AM Rush,0,396,1.0,0,396,1.0,396,,,2010,8,August
2010-08-01,PM Rush,15,531,0.973,32,514,0.941,546,,,2010,8,August
2010-08-01,Weekend,4,728,0.995,24,708,0.967,732,,,2010,8,August
2010-08-01,7-Day,101,3718,0.974,185,3634,0.952,3819,8.0,99.8,2010,8,August
2010-09-01,Weekday,103,2849,0.965,171,2781,0.942,2952,,,2010,9,September
2010-09-01,AM Rush,0,378,1.0,0,378,1.0,378,,,2010,9,September
2010-09-01,PM Rush,0,546,1.0,21,525,0.962,546,,,2010,9,September
2010-09-01,Weekend,4,728,0.995,43,689,0.941,732,,,2010,9,September
2010-09-01,7-Day,107,3577,0.971,214,3470,0.942,3684,9.0,99.8,2010,9,September
2010-10-01,Weekday,159,2790,0.946,233,2716,0.921,2949,,,2010,10,October
2010-10-01,AM Rush,4,374,0.989,4,374,0.989,378,,,2010,10,October
2010-10-01,PM Rush,10,562,0.983,50,522,0.913,572,,,2010,10,October
2010-10-01,Weekend,47,768,0.942,66,749,0.919,815,,,2010,10,October
2010-10-01,7-Day,206,3558,0.945,299,3465,0.921,3764,20.0,99.5,2010,10,October
2010-11-01,Weekday,323,2623,0.89,381,2565,0.871,2946,,,2010,11,November
2010-11-01,AM Rush,50,328,0.868,50,328,0.868,378,,,2010,11,November
2010-11-01,PM Rush,30,490,0.942,45,475,0.913,520,,,2010,11,November
2010-11-01,Weekend,46,689,0.937,57,678,0.922,735,,,2010,11,November
2010-11-01,7-Day,369,3312,0.9,438,3243,0.881,3681,32.0,99.1,2010,11,November
2010-12-01,Weekday,177,2778,0.94,228,2727,0.923,2955,,,2010,12,December
2010-12-01,AM Rush,25,353,0.934,25,353,0.934,378,,,2010,12,December
2010-12-01,PM Rush,6,566,0.99,24,548,0.958,572,,,2010,12,December
2010-12-01,Weekend,64,751,0.921,80,735,0.902,815,,,2010,12,December
2010-12-01,7-Day,241,3529,0.936,308,3462,0.918,3770,231.0,93.9,2010,12,December
2011-01-01,Weekday,180,2766,0.939,192,2754,0.935,2946,,,2011,1,January
2011-01-01,AM Rush,28,350,0.926,29,349,0.923,378,,,2011,1,January
2011-01-01,PM Rush,3,517,0.994,3,517,0.994,520,,,2011,1,January
2011-01-01,Weekend,10,802,0.988,27,785,0.967,812,,,2011,1,January
2011-01-01,7-Day,190,3568,0.949,219,3539,0.942,3758,93.0,97.5,2011,1,January
2011-02-01,Weekday,56,2614,0.979,69,2601,0.974,2670,,,2011,2,February
2011-02-01,AM Rush,12,330,0.965,12,330,0.965,342,,,2011,2,February
2011-02-01,PM Rush,2,492,0.996,5,489,0.99,494,,,2011,2,February
2011-02-01,Weekend,2,730,0.997,6,726,0.992,732,,,2011,2,February
2011-02-01,7-Day,58,3344,0.983,75,3327,0.978,3402,9.0,99.7,2011,2,February
2011-03-01,Weekday,135,3096,0.958,149,3082,0.954,3231,,,2011,3,March
2011-03-01,AM Rush,10,404,0.976,11,403,0.973,414,,,2011,3,March
2011-03-01,PM Rush,0,598,1.0,0,598,1.0,598,,,2011,3,March
2011-03-01,Weekend,1,651,0.998,5,647,0.992,652,,,2011,3,March
2011-03-01,7-Day,136,3747,0.965,154,3729,0.96,3883,2.0,99.9,2011,3,March
2011-04-01,Weekday,114,2835,0.961,144,2805,0.951,2949,,,2011,4,April
2011-04-01,AM Rush,2,376,0.995,2,376,0.995,378,,,2011,4,April
2011-04-01,PM Rush,12,560,0.979,16,556,0.972,572,,,2011,4,April
2011-04-01,Weekend,3,732,0.996,23,712,0.969,735,,,2011,4,April
2011-04-01,7-Day,117,3567,0.968,167,3517,0.955,3684,11.0,99.7,2011,4,April
2011-05-01,Weekday,146,2803,0.95,176,2773,0.94,2949,,,2011,5,May
2011-05-01,AM Rush,1,377,0.997,1,377,0.997,378,,,2011,5,May
2011-05-01,PM Rush,5,515,0.99,10,510,0.981,520,,,2011,5,May
2011-05-01,Weekend,10,802,0.988,46,766,0.943,812,,,2011,5,May
2011-05-01,7-Day,156,3605,0.959,222,3539,0.941,3761,4.0,99.9,2011,5,May
2011-06-01,Weekday,132,2958,0.957,149,2941,0.952,3090,,,2011,6,June
2011-06-01,AM Rush,13,383,0.967,13,383,0.967,396,,,2011,6,June
2011-06-01,PM Rush,2,570,0.997,2,570,0.997,572,,,2011,6,June
2011-06-01,Weekend,4,648,0.994,28,624,0.957,652,,,2011,6,June
2011-06-01,7-Day,136,3606,0.964,177,3565,0.953,3742,8.0,99.8,2011,6,June
2011-07-01,Weekday,44,2767,0.984,52,2759,0.982,2811,,,2011,7,July
2011-07-01,AM Rush,1,359,0.997,0,360,1.0,360,,,2011,7,July
2011-07-01,PM Rush,4,542,0.993,21,525,0.962,546,,,2011,7,July
2011-07-01,Weekend,56,839,0.937,44,851,0.951,895,,,2011,7,July
2011-07-01,7-Day,100,3606,0.973,96,3610,0.974,3706,15.0,99.6,2011,7,July
2011-08-01,Weekday,144,3084,0.955,191,3037,0.941,3228,,,2011,8,August
2011-08-01,AM Rush,35,379,0.915,0,414,1.0,414,,,2011,8,August
2011-08-01,PM Rush,1,571,0.998,18,554,0.969,572,,,2011,8,August
2011-08-01,Weekend,176,476,0.73,189,463,0.71,652,,,2011,8,August
2011-08-01,7-Day,320,3560,0.918,380,3500,0.902,3880,17.0,99.6,2011,8,August
2011-09-01,Weekday,175,2777,0.941,101,2851,0.966,2952,,,2011,9,September
2011-09-01,AM Rush,3,375,0.992,0,378,1.0,378,,,2011,9,September
2011-09-01,PM Rush,42,504,0.923,51,495,0.907,546,,,2011,9,September
2011-09-01,Weekend,51,681,0.93,88,644,0.88,732,,,2011,9,September
2011-09-01,7-Day,226,3458,0.939,189,3495,0.949,3684,14.0,99.6,2011,9,September
2011-10-01,Weekday,163,2783,0.945,250,2696,0.915,2946,,,2011,10,October
2011-10-01,AM Rush,31,347,0.918,31,347,0.918,378,,,2011,10,October
2011-10-01,PM Rush,12,534,0.978,53,493,0.903,546,,,2011,10,October
2011-10-01,Weekend,219,596,0.731,236,579,0.71,815,,,2011,10,October
2011-10-01,7-Day,382,3379,0.898,486,3275,0.871,3761,25.0,99.3,2011,10,October
2011-11-01,Weekday,351,2598,0.881,455,2494,0.846,2949,,,2011,11,November
2011-11-01,AM Rush,45,333,0.881,45,333,0.881,378,,,2011,11,November
2011-11-01,PM Rush,58,488,0.894,99,447,0.819,546,,,2011,11,November
2011-11-01,Weekend,135,600,0.816,239,496,0.675,735,,,2011,11,November
2011-11-01,7-Day,486,3198,0.868,694,2990,0.812,3684,46.0,98.8,2011,11,November
2011-12-01,Weekday,91,2864,0.969,178,2777,0.94,2955,,,2011,12,December
2011-12-01,AM Rush,17,361,0.955,17,361,0.955,378,,,2011,12,December
2011-12-01,PM Rush,4,568,0.993,54,518,0.906,572,,,2011,12,December
2011-12-01,Weekend,30,785,0.963,26,789,0.968,815,,,2011,12,December
2011-12-01,7-Day,121,3649,0.968,204,3566,0.946,3770,16.0,99.6,2011,12,December
2012-01-01,Weekday,139,2807,0.953,168,2778,0.943,2946,,,2012,1,January
2012-01-01,AM Rush,0,378,1.0,0,378,1.0,378,,,2012,1,January
2012-01-01,PM Rush,2,518,0.996,22,498,0.958,520,,,2012,1,January
2012-01-01,Weekend,110,702,0.865,79,733,0.903,812,,,2012,1,January
2012-01-01,7-Day,249,3509,0.934,247,3511,0.934,3758,17.0,99.5,2012,1,January
2012-02-01,Weekday,107,2701,0.962,144,2664,0.949,2808,,,2012,2,February
2012-02-01,AM Rush,5,355,0.986,0,360,1.0,360,,,2012,2,February
2012-02-01,PM Rush,1,519,0.998,22,498,0.958,520,,,2012,2,February
2012-02-01,Weekend,55,677,0.925,54,678,0.926,732,,,2012,2,February
2012-02-01,7-Day,162,3378,0.954,198,3342,0.944,3540,7.0,99.8,2012,2,February
2012-03-01,Weekday,156,2934,0.95,227,2863,0.927,3090,,,2012,3,March
2012-03-01,AM Rush,2,394,0.995,2,394,0.995,396,,,2012,3,March
2012-03-01,PM Rush,3,595,0.995,38,560,0.936,598,,,2012,3,March
2012-03-01,Weekend,115,620,0.844,117,618,0.841,735,,,2012,3,March
2012-03-01,7-Day,271,3554,0.929,344,3481,0.91,3825,33.0,99.1,2012,3,March
2012-04-01,Weekday,73,2873,0.975,103,2843,0.965,2946,,,2012,4,April
2012-04-01,AM Rush,0,378,1.0,0,378,1.0,378,,,2012,4,April
2012-04-01,PM Rush,1,519,0.998,17,503,0.967,520,,,2012,4,April
2012-04-01,Weekend,31,701,0.958,46,686,0.937,732,,,2012,4,April
2012-04-01,7-Day,104,3574,0.972,149,3529,0.959,3678,8.0,99.8,2012,4,April
2012-05-01,Weekday,87,3006,0.972,164,2929,0.947,3093,,,2012,5,May
2012-05-01,AM Rush,3,393,0.992,3,393,0.992,396,,,2012,5,May
2012-05-01,PM Rush,0,572,1.0,20,552,0.965,572,,,2012,5,May
2012-05-01,Weekend,5,727,0.993,36,696,0.951,732,,,2012,5,May
2012-05-01,7-Day,92,3733,0.976,200,3625,0.948,3825,18.0,99.5,2012,5,May
2012-06-01,Weekday,133,2816,0.955,160,2789,0.946,2949,,,2012,6,June
2012-06-01,AM Rush,0,378,1.0,0,378,1.0,378,,,2012,6,June
2012-06-01,PM Rush,4,568,0.993,23,549,0.96,572,,,2012,6,June
2012-06-01,Weekend,118,617,0.839,137,598,0.814,735,,,2012,6,June
2012-06-01,7-Day,251,3433,0.932,297,3387,0.919,3684,20.0,99.5,2012,6,June
2012-07-01,Weekday,145,2801,0.951,185,2761,0.937,2946,,,2012,7,July
2012-07-01,AM Rush,0,378,1.0,0,378,1.0,378,,,2012,7,July
2012-07-01,PM Rush,16,504,0.969,38,482,0.927,520,,,2012,7,July
2012-07-01,Weekend,47,768,0.942,62,753,0.924,815,,,2012,7,July
2012-07-01,7-Day,192,3569,0.949,247,3514,0.934,3761,18.0,99.5,2012,7,July
2012-08-01,Weekday,121,3113,0.963,157,3077,0.951,3234,,,2012,8,August
2012-08-01,AM Rush,0,414,1.0,0,414,1.0,414,,,2012,8,August
2012-08-01,PM Rush,0,598,1.0,10,588,0.983,598,,,2012,8,August
2012-08-01,Weekend,56,596,0.914,83,569,0.873,652,,,2012,8,August
2012-08-01,7-Day,177,3709,0.954,240,3646,0.938,3886,14.0,99.6,2012,8,August
2012-09-01,Weekday,213,2454,0.92,279,2388,0.895,2667,,,2012,9,September
2012-09-01,AM Rush,2,340,0.994,2,340,0.994,342,,,2012,9,September
2012-09-01,PM Rush,31,489,0.94,82,438,0.842,520,,,2012,9,September
2012-09-01,Weekend,104,791,0.884,120,775,0.866,895,,,2012,9,September
2012-09-01,7-Day,317,3245,0.911,399,3163,0.888,3562,29.0,99.2,2012,9,September
2012-10-01,Weekday,188,2620,0.933,322,2486,0.885,2808,,,2012,10,October
2012-10-01,AM Rush,13,347,0.964,13,347,0.964,360,,,2012,10,October
2012-10-01,PM Rush,18,502,0.965,95,425,0.817,520,,,2012,10,October
2012-10-01,Weekend,67,585,0.897,91,561,0.86,652,,,2012,10,October
2012-10-01,7-Day,255,3205,0.926,413,3047,0.881,3460,27.0,99.2,2012,10,October
2012-11-01,Weekday,666,1637,0.711,676,1627,0.706,2303,,,2012,11,November
2012-11-01,AM Rush,33,157,0.826,33,157,0.826,190,,,2012,11,November
2012-11-01,PM Rush,63,355,0.849,65,353,0.844,418,,,2012,11,November
2012-11-01,Weekend,113,622,0.846,102,633,0.861,735,,,2012,11,November
2012-11-01,7-Day,779,2259,0.744,778,2260,0.744,3038,26.0,99.1,2012,11,November
2012-12-01,Weekday,353,2435,0.873,480,2308,0.828,2788,,,2012,12,December
2012-12-01,AM Rush,49,311,0.864,49,311,0.864,360,,,2012,12,December
2012-12-01,PM Rush,76,496,0.867,161,411,0.719,572,,,2012,12,December
2012-12-01,Weekend,100,798,0.889,101,797,0.888,898,,,2012,12,December
2012-12-01,7-Day,453,3233,0.877,581,3105,0.842,3686,15.0,99.6,2012,12,December
2013-01-01,Weekday,135,2930,0.956,221,2844,0.928,3065,,,2013,1,January
2013-01-01,AM Rush,0,396,1.0,0,396,1.0,396,,,2013,1,January
2013-01-01,PM Rush,11,561,0.981,67,505,0.883,572,,,2013,1,January
2013-01-01,Weekend,72,663,0.902,78,657,0.894,735,,,2013,1,January
2013-01-01,7-Day,207,3593,0.946,299,3501,0.921,3800,13.0,99.7,2013,1,January
2013-02-01,Weekday,82,2569,0.969,192,2459,0.928,2651,,,2013,2,February
2013-02-01,AM Rush,0,342,1.0,0,342,1.0,342,,,2013,2,February
2013-02-01,PM Rush,11,483,0.978,75,419,0.848,494,,,2013,2,February
2013-02-01,Weekend,33,699,0.955,33,699,0.955,732,,,2013,2,February
2013-02-01,7-Day,115,3268,0.966,225,3158,0.933,3383,4.0,99.9,2013,2,February
2013-03-01,Weekday,89,2839,0.97,162,2766,0.945,2928,,,2013,3,March
2013-03-01,AM Rush,1,377,0.997,0,378,1.0,378,,,2013,3,March
2013-03-01,PM Rush,0,572,1.0,56,516,0.902,572,,,2013,3,March
2013-03-01,Weekend,31,784,0.962,49,766,0.94,815,,,2013,3,March
2013-03-01,7-Day,120,3623,0.968,211,3532,0.944,3743,4.0,99.9,2013,3,March
2013-04-01,Weekday,201,2864,0.934,258,2807,0.916,3065,,,2013,4,April
2013-04-01,AM Rush,0,396,1.0,0,396,1.0,396,,,2013,4,April
2013-04-01,PM Rush,2,544,0.996,30,516,0.945,546,,,2013,4,April
2013-04-01,Weekend,153,499,0.765,153,499,0.765,652,,,2013,4,April
2013-04-01,7-Day,354,3363,0.905,411,3306,0.889,3717,14.0,99.6,2013,4,April
2013-05-01,Weekday,212,2859,0.931,261,2810,0.915,3071,,,2013,5,May
2013-05-01,AM Rush,0,396,1.0,0,396,1.0,396,,,2013,5,May
2013-05-01,PM Rush,1,571,0.998,29,543,0.949,572,,,2013,5,May
2013-05-01,Weekend,21,711,0.971,43,689,0.941,732,,,2013,5,May
2013-05-01,7-Day,233,3570,0.939,304,3499,0.92,3803,12.0,99.7,2013,5,May
2013-06-01,Weekday,177,2611,0.937,283,2505,0.898,2788,,,2013,6,June
2013-06-01,AM Rush,4,356,0.989,0,360,1.0,360,,,2013,6,June
2013-06-01,PM Rush,8,538,0.985,61,485,0.888,546,,,2013,6,June
2013-06-01,Weekend,56,759,0.931,75,740,0.908,815,,,2013,6,June
2013-06-01,7-Day,233,3370,0.935,358,3245,0.901,3603,11.0,99.7,2013,6,June
2013-07-01,Weekday,114,2951,0.963,208,2857,0.932,3065,,,2013,7,July
2013-07-01,AM Rush,0,396,1.0,0,396,1.0,396,,,2013,7,July
2013-07-01,PM Rush,7,539,0.987,62,484,0.886,546,,,2013,7,July
2013-07-01,Weekend,44,691,0.94,73,662,0.901,735,,,2013,7,July
2013-07-01,7-Day,158,3642,0.958,281,3519,0.926,3800,5.0,99.9,2013,7,July
2013-08-01,Weekday,117,2954,0.962,230,2841,0.925,3071,,,2013,8,August
2013-08-01,AM Rush,0,396,1.0,0,396,1.0,396,,,2013,8,August
2013-08-01,PM Rush,3,595,0.995,81,517,0.865,598,,,2013,8,August
2013-08-01,Weekend,24,711,0.967,42,693,0.943,735,,,2013,8,August
2013-08-01,7-Day,141,3665,0.963,272,3534,0.929,3806,5.0,99.9,2013,8,August
2013-09-01,Weekday,52,2733,0.981,86,2699,0.969,2785,,,2013,9,September
2013-09-01,AM Rush,0,360,1.0,0,360,1.0,360,,,2013,9,September
2013-09-01,PM Rush,0,494,1.0,18,476,0.964,494,,,2013,9,September
2013-09-01,Weekend,29,783,0.964,40,772,0.951,812,,,2013,9,September
2013-09-01,7-Day,81,3516,0.977,126,3471,0.965,3597,3.0,99.9,2013,9,September
2013-10-01,Weekday,197,3011,0.939,234,2974,0.927,3208,,,2013,10,October
2013-10-01,AM Rush,14,400,0.966,0,414,1.0,414,,,2013,10,October
2013-10-01,PM Rush,36,562,0.94,22,576,0.963,598,,,2013,10,October
2013-10-01,Weekend,25,627,0.962,36,616,0.945,652,,,2013,10,October
2013-10-01,7-Day,222,3638,0.942,270,3590,0.93,3860,7.0,99.8,2013,10,October
2013-11-01,Weekday,415,2373,0.851,477,2311,0.829,2788,,,2013,11,November
2013-11-01,AM Rush,77,283,0.786,0,360,1.0,360,,,2013,11,November
2013-11-01,PM Rush,59,487,0.892,45,501,0.918,546,,,2013,11,November
2013-11-01,Weekend,70,748,0.914,77,741,0.906,818,,,2013,11,November
2013-11-01,7-Day,485,3121,0.866,554,3052,0.846,3606,17.0,99.5,2013,11,November
2013-12-01,Weekday,83,2845,0.972,141,2787,0.952,2928,,,2013,12,December
2013-12-01,AM Rush,9,369,0.976,0,378,1.0,378,,,2013,12,December
2013-12-01,PM Rush,22,498,0.958,42,478,0.919,520,,,2013,12,December
2013-12-01,Weekend,26,789,0.968,39,776,0.952,815,,,2013,12,December
2013-12-01,7-Day,109,3634,0.971,180,3563,0.952,3743,2.0,99.9,2013,12,December
2014-01-01,Weekday,174,2891,0.943,259,2806,0.915,3065,,,2014,1,January
2014-01-01,AM Rush,41,355,0.896,41,355,0.896,396,,,2014,1,January
2014-01-01,PM Rush,18,554,0.969,36,536,0.937,572,,,2014,1,January
2014-01-01,Weekend,28,707,0.962,33,702,0.955,735,,,2014,1,January
2014-01-01,7-Day,202,3598,0.947,292,3508,0.923,3800,19.0,99.5,2014,1,January
2014-02-01,Weekday,173,2469,0.935,254,2388,0.904,2642,,,2014,2,February
2014-02-01,AM Rush,37,305,0.892,37,305,0.892,342,,,2014,2,February
2014-02-01,PM Rush,37,457,0.925,59,435,0.881,494,,,2014,2,February
2014-02-01,Weekend,28,704,0.962,31,701,0.958,732,,,2014,2,February
2014-02-01,7-Day,201,3173,0.94,285,3089,0.916,3374,9.0,99.7,2014,2,February
2014-03-01,Weekday,211,2714,0.928,302,2623,0.897,2925,,,2014,3,March
2014-03-01,AM Rush,10,368,0.974,10,368,0.974,378,,,2014,3,March
2014-03-01,PM Rush,16,530,0.971,89,457,0.837,546,,,2014,3,March
2014-03-01,Weekend,97,718,0.881,101,714,0.876,815,,,2014,3,March
2014-03-01,7-Day,308,3432,0.918,403,3337,0.892,3740,6.0,99.8,2014,3,March
2014-04-01,Weekday,177,2891,0.942,225,2843,0.927,3068,,,2014,4,April
2014-04-01,AM Rush,1,395,0.997,1,395,0.997,396,,,2014,4,April
2014-04-01,PM Rush,37,535,0.935,66,506,0.885,572,,,2014,4,April
2014-04-01,Weekend,30,622,0.954,37,615,0.943,652,,,2014,4,April
2014-04-01,7-Day,207,3513,0.944,262,3458,0.93,3720,7.0,99.8,2014,4,April
2014-05-01,Weekday,196,2589,0.93,254,2531,0.909,2785,,,2014,5,May
2014-05-01,AM Rush,19,341,0.947,19,341,0.947,360,,,2014,5,May
2014-05-01,PM Rush,14,584,0.977,44,554,0.926,598,,,2014,5,May
2014-05-01,Weekend,31,867,0.965,42,856,0.953,898,,,2014,5,May
2014-05-01,7-Day,227,3456,0.938,296,3387,0.92,3683,7.0,99.8,2014,5,May
2014-06-01,Weekday,222,2703,0.924,329,2596,0.888,2925,,,2014,6,June
2014-06-01,AM Rush,22,356,0.942,22,356,0.942,378,,,2014,6,June
2014-06-01,PM Rush,12,508,0.977,87,433,0.833,520,,,2014,6,June
2014-06-01,Weekend,83,649,0.887,98,634,0.866,732,,,2014,6,June
2014-06-01,7-Day,305,3352,0.917,427,3230,0.883,3657,7.0,99.8,2014,6,June
2014-07-01,Weekday,238,2867,0.923,388,2717,0.875,3105,,,2014,7,July
2014-07-01,AM Rush,8,388,0.98,8,388,0.98,396,,,2014,7,July
2014-07-01,PM Rush,6,592,0.99,107,491,0.821,598,,,2014,7,July
2014-07-01,Weekend,53,757,0.935,59,751,0.927,810,,,2014,7,July
2014-07-01,7-Day,291,3624,0.926,447,3468,0.886,3915,5.0,99.9,2014,7,July
2014-08-01,Weekday,273,2691,0.908,395,2569,0.867,2964,,,2014,8,August
2014-08-01,AM Rush,23,355,0.939,23,355,0.939,378,,,2014,8,August
2014-08-01,PM Rush,28,544,0.951,110,462,0.808,572,,,2014,8,August
2014-08-01,Weekend,31,869,0.966,38,862,0.958,900,,,2014,8,August
2014-08-01,7-Day,304,3560,0.921,433,3431,0.888,3864,43.0,98.9,2014,8,August
2014-09-01,Weekday,224,2737,0.924,283,2678,0.904,2961,,,2014,9,September
2014-09-01,AM Rush,11,367,0.971,11,367,0.971,378,,,2014,9,September
2014-09-01,PM Rush,13,507,0.975,59,461,0.887,520,,,2014,9,September
2014-09-01,Weekend,39,771,0.952,42,768,0.948,810,,,2014,9,September
2014-09-01,7-Day,263,3508,0.93,325,3446,0.914,3771,0.0,100.0,2014,9,September
2014-10-01,Weekday,319,2924,0.902,493,2750,0.848,3243,,,2014,10,October
2014-10-01,AM Rush,39,375,0.906,39,375,0.906,414,,,2014,10,October
2014-10-01,PM Rush,39,559,0.935,161,437,0.731,598,,,2014,10,October
2014-10-01,Weekend,95,625,0.868,100,620,0.861,720,,,2014,10,October
2014-10-01,7-Day,414,3549,0.896,593,3370,0.85,3963,8.0,99.8,2014,10,October
2014-11-01,Weekday,535,2147,0.801,693,1989,0.742,2682,,,2014,11,November
2014-11-01,AM Rush,106,236,0.69,109,233,0.681,342,,,2014,11,November
2014-11-01,PM Rush,89,431,0.829,202,318,0.612,520,,,2014,11,November
2014-11-01,Weekend,83,907,0.916,84,906,0.915,990,,,2014,11,November
2014-11-01,7-Day,618,3054,0.832,777,2895,0.788,3672,5.0,99.9,2014,11,November
2014-12-01,Weekday,307,2801,0.901,402,2706,0.871,3108,,,2014,12,December
2014-12-01,AM Rush,42,354,0.894,42,354,0.894,396,,,2014,12,December
2014-12-01,PM Rush,68,504,0.881,127,445,0.778,572,,,2014,12,December
2014-12-01,Weekend,52,758,0.936,54,756,0.933,810,,,2014,12,December
2014-12-01,7-Day,359,3559,0.908,456,3462,0.884,3918,1.0,100.0,2014,12,December
2015-01-01,Weekday,161,2659,0.943,228,2592,0.919,2820,,,2015,1,January
2015-01-01,AM Rush,33,327,0.908,33,327,0.908,360,,,2015,1,January
2015-01-01,PM Rush,19,553,0.967,56,516,0.902,572,,,2015,1,January
2015-01-01,Weekend,36,954,0.964,39,951,0.961,990,,,2015,1,January
2015-01-01,7-Day,197,3613,0.948,267,3543,0.93,3810,4.0,99.9,2015,1,January
2015-02-01,Weekday,88,2594,0.967,158,2524,0.941,2682,,,2015,2,February
2015-02-01,AM Rush,16,326,0.953,16,326,0.953,342,,,2015,2,February
2015-02-01,PM Rush,17,503,0.967,73,447,0.86,520,,,2015,2,February
2015-02-01,Weekend,35,775,0.957,35,775,0.957,810,,,2015,2,February
2015-02-01,7-Day,123,3369,0.965,193,3299,0.945,3492,14.0,99.6,2015,2,February
2015-03-01,Weekday,155,2947,0.95,258,2844,0.917,3102,,,2015,3,March
2015-03-01,AM Rush,8,388,0.98,8,388,0.98,396,,,2015,3,March
2015-03-01,PM Rush,31,515,0.943,97,449,0.822,546,,,2015,3,March
2015-03-01,Weekend,17,793,0.979,17,793,0.979,810,,,2015,3,March
2015-03-01,7-Day,172,3740,0.956,275,3637,0.93,3912,5.0,99.9,2015,3,March
2015-04-01,Weekday,131,2971,0.958,287,2815,0.907,3102,,,2015,4,April
2015-04-01,AM Rush,7,389,0.982,10,386,0.975,396,,,2015,4,April
2015-04-01,PM Rush,24,548,0.958,111,461,0.806,572,,,2015,4,April
2015-04-01,Weekend,35,685,0.951,40,680,0.944,720,,,2015,4,April
2015-04-01,7-Day,166,3656,0.957,327,3495,0.914,3822,10.0,99.7,2015,4,April
2015-05-01,Weekday,114,2829,0.961,178,2765,0.94,2943,,,2015,5,May
2015-05-01,AM Rush,4,356,0.989,4,356,0.989,360,,,2015,5,May
2015-05-01,PM Rush,15,557,0.974,56,516,0.902,572,,,2015,5,May
2015-05-01,Weekend,83,973,0.921,89,967,0.916,1056,,,2015,5,May
2015-05-01,7-Day,197,3802,0.951,267,3732,0.933,3999,12.0,99.7,2015,5,May
2015-06-01,Weekday,107,3127,0.967,158,3076,0.951,3234,,,2015,6,June
2015-06-01,AM Rush,14,382,0.965,14,382,0.965,396,,,2015,6,June
2015-06-01,PM Rush,4,542,0.993,34,512,0.938,546,,,2015,6,June
2015-06-01,Weekend,51,717,0.934,52,716,0.932,768,,,2015,6,June
2015-06-01,7-Day,158,3844,0.961,210,3792,0.948,4002,4.0,99.9,2015,6,June
2015-07-01,Weekday,79,3158,0.976,198,3039,0.939,3237,,,2015,7,July
2015-07-01,AM Rush,3,393,0.992,3,393,0.992,396,,,2015,7,July
2015-07-01,PM Rush,6,592,0.99,80,518,0.866,598,,,2015,7,July
2015-07-01,Weekend,9,855,0.99,16,848,0.981,864,,,2015,7,July
2015-07-01,7-Day,88,4013,0.979,214,3887,0.948,4101,6.0,99.9,2015,7,July
2015-08-01,Weekday,72,3015,0.977,175,2912,0.943,3087,,,2015,8,August
2015-08-01,AM Rush,9,369,0.976,9,369,0.976,378,,,2015,8,August
2015-08-01,PM Rush,2,544,0.996,80,466,0.853,546,,,2015,8,August
2015-08-01,Weekend,11,949,0.989,39,921,0.959,960,,,2015,8,August
2015-08-01,7-Day,83,3964,0.979,214,3833,0.947,4047,0.0,100.0,2015,8,August
2015-09-01,Weekday,98,2998,0.968,198,2898,0.936,3096,,,2015,9,September
2015-09-01,AM Rush,15,363,0.96,15,363,0.96,378,,,2015,9,September
2015-09-01,PM Rush,4,568,0.993,83,489,0.855,572,,,2015,9,September
2015-09-01,Weekend,36,828,0.958,43,821,0.95,864,,,2015,9,September
2015-09-01,7-Day,134,3826,0.966,241,3719,0.939,3960,3.0,99.9,2015,9,September
2015-10-01,Weekday,147,3131,0.955,189,3089,0.942,3278,,,2015,10,October
2015-10-01,AM Rush,15,403,0.964,15,403,0.964,418,,,2015,10,October
2015-10-01,PM Rush,10,588,0.983,45,553,0.925,598,,,2015,10,October
2015-10-01,Weekend,91,773,0.895,91,773,0.895,864,,,2015,10,October
2015-10-01,7-Day,238,3904,0.943,280,3862,0.932,4142,0.0,100.0,2015,10,October
2015-11-01,Weekday,429,2553,0.856,493,2489,0.835,2982,,,2015,11,November
2015-11-01,AM Rush,79,301,0.792,79,301,0.792,380,,,2015,11,November
2015-11-01,PM Rush,36,484,0.931,86,434,0.835,520,,,2015,11,November
2015-11-01,Weekend,158,802,0.835,168,792,0.825,960,,,2015,11,November
2015-11-01,7-Day,587,3355,0.851,661,3281,0.832,3942,1.0,100.0,2015,11,November
2015-12-01,Weekday,134,3148,0.959,199,3083,0.939,3282,,,2015,12,December
2015-12-01,AM Rush,19,399,0.955,19,399,0.955,418,,,2015,12,December
2015-12-01,PM Rush,9,589,0.985,49,549,0.918,598,,,2015,12,December
2015-12-01,Weekend,62,802,0.928,63,801,0.927,864,,,2015,12,December
2015-12-01,7-Day,196,3950,0.953,262,3884,0.937,4146,2.0,100.0,2015,12,December
2016-01-01,Weekday,127,2853,0.957,176,2804,0.941,2980,,,2016,1,January
2016-01-01,AM Rush,19,361,0.95,19,361,0.95,380,,,2016,1,January
2016-01-01,PM Rush,0,572,1.0,35,537,0.939,572,,,2016,1,January
2016-01-01,Weekend,170,886,0.839,172,884,0.837,1056,,,2016,1,January
2016-01-01,7-Day,297,3739,0.926,348,3688,0.914,4036,1.0,100.0,2016,1,January
2016-02-01,Weekday,101,2881,0.966,158,2824,0.947,2982,,,2016,2,February
2016-02-01,AM Rush,15,365,0.961,15,365,0.961,380,,,2016,2,February
2016-02-01,PM Rush,17,503,0.967,64,456,0.877,520,,,2016,2,February
2016-02-01,Weekend,18,846,0.979,25,839,0.971,864,,,2016,2,February
2016-02-01,7-Day,119,3727,0.969,183,3663,0.952,3846,4.0,99.9,2016,2,February
2016-03-01,Weekday,62,3365,0.982,95,3332,0.972,3427,,,2016,3,March
2016-03-01,AM Rush,4,433,0.991,4,433,0.991,437,,,2016,3,March
2016-03-01,PM Rush,6,592,0.99,32,566,0.946,598,,,2016,3,March
2016-03-01,Weekend,6,762,0.992,7,761,0.991,768,,,2016,3,March
2016-03-01,7-Day,68,4127,0.984,102,4093,0.976,4195,1.0,100.0,2016,3,March
2016-04-01,Weekday,96,3033,0.969,126,3003,0.96,3129,,,2016,4,April
2016-04-01,AM Rush,19,380,0.952,19,380,0.952,399,,,2016,4,April
2016-04-01,PM Rush,3,543,0.995,22,524,0.96,546,,,2016,4,April
2016-04-01,Weekend,119,745,0.862,119,745,0.862,864,,,2016,4,April
2016-04-01,7-Day,215,3778,0.946,245,3748,0.939,3993,0.0,100.0,2016,4,April
2016-05-01,Weekday,57,3074,0.982,116,3015,0.963,3131,,,2016,5,May
2016-05-01,AM Rush,1,398,0.997,1,398,0.997,399,,,2016,5,May
2016-05-01,PM Rush,4,542,0.993,42,504,0.923,546,,,2016,5,May
2016-05-01,Weekend,34,926,0.965,35,925,0.964,960,,,2016,5,May
2016-05-01,7-Day,91,4000,0.978,151,3940,0.963,4091,3.0,99.9,2016,5,May
2016-06-01,Weekday,107,3171,0.967,157,3121,0.952,3278,,,2016,6,June
2016-06-01,AM Rush,17,401,0.959,17,401,0.959,418,,,2016,6,June
2016-06-01,PM Rush,4,568,0.993,47,525,0.918,572,,,2016,6,June
2016-06-01,Weekend,20,748,0.974,21,747,0.973,768,,,2016,6,June
2016-06-01,7-Day,127,3919,0.969,178,3868,0.956,4046,11.0,99.7,2016,6,June
2016-07-01,Weekday,81,2901,0.973,151,2831,0.949,2982,,,2016,7,July
2016-07-01,AM Rush,0,380,1.0,0,380,1.0,380,,,2016,7,July
2016-07-01,PM Rush,10,510,0.981,64,456,0.877,520,,,2016,7,July
2016-07-01,Weekend,29,1027,0.973,31,1025,0.971,1056,,,2016,7,July
2016-07-01,7-Day,110,3928,0.973,182,3856,0.955,4038,0.0,100.0,2016,7,July
2016-08-01,Weekday,88,3339,0.974,155,3272,0.955,3427,,,2016,8,August
2016-08-01,AM Rush,5,432,0.989,5,432,0.989,437,,,2016,8,August
2016-08-01,PM Rush,12,586,0.98,64,534,0.893,598,,,2016,8,August
2016-08-01,Weekend,32,736,0.958,33,735,0.957,768,,,2016,8,August
2016-08-01,7-Day,120,4075,0.971,188,4007,0.955,4195,0.0,100.0,2016,8,August
2016-09-01,Weekday,145,2986,0.954,218,2913,0.93,3131,,,2016,9,September
2016-09-01,AM Rush,0,399,1.0,0,399,1.0,399,,,2016,9,September
2016-09-01,PM Rush,18,528,0.967,78,468,0.857,546,,,2016,9,September
2016-09-01,Weekend,104,760,0.88,104,760,0.88,864,,,2016,9,September
2016-09-01,7-Day,249,3746,0.938,322,3673,0.919,3995,1.0,100.0,2016,9,September
2016-10-01,Weekday,272,2857,0.913,355,2774,0.887,3129,,,2016,10,October
2016-10-01,AM Rush,13,386,0.967,13,386,0.967,399,,,2016,10,October
2016-10-01,PM Rush,21,525,0.962,87,459,0.841,546,,,2016,10,October
2016-10-01,Weekend,164,796,0.829,168,792,0.825,960,,,2016,10,October
2016-10-01,7-Day,436,3653,0.893,523,3566,0.872,4089,1.0,100.0,2016,10,October
2016-11-01,Weekday,554,2577,0.823,670,2461,0.786,3131,,,2016,11,November
2016-11-01,AM Rush,45,354,0.887,45,354,0.887,399,,,2016,11,November
2016-11-01,PM Rush,98,448,0.821,183,363,0.665,546,,,2016,11,November
2016-11-01,Weekend,129,735,0.851,133,731,0.846,864,,,2016,11,November
2016-11-01,7-Day,683,3312,0.829,803,3192,0.799,3995,48.0,98.8,2016,11,November
2016-12-01,Weekday,234,2899,0.925,322,2811,0.897,3133,,,2016,12,December
2016-12-01,AM Rush,11,388,0.972,11,388,0.972,399,,,2016,12,December
2016-12-01,PM Rush,48,498,0.912,115,431,0.789,546,,,2016,12,December
2016-12-01,Weekend,88,872,0.908,90,870,0.906,960,,,2016,12,December
2016-12-01,7-Day,322,3771,0.921,412,3681,0.899,4093,14.0,99.7,2016,12,December
2017-01-01,Weekday,83,3046,0.973,159,2970,0.949,3129,,,2017,1,January
2017-01-01,AM Rush,8,391,0.98,8,391,0.98,399,,,2017,1,January
2017-01-01,PM Rush,23,523,0.958,92,454,0.832,546,,,2017,1,January
2017-01-01,Weekend,30,930,0.969,30,930,0.969,960,,,2017,1,January
2017-01-01,7-Day,113,3976,0.972,189,3900,0.954,4089,1.0,100.0,2017,1,January
2017-02-01,Weekday,153,2680,0.946,216,2617,0.924,2833,,,2017,2,February
2017-02-01,AM Rush,10,351,0.972,10,351,0.972,361,,,2017,2,February
2017-02-01,PM Rush,55,439,0.889,102,392,0.794,494,,,2017,2,February
2017-02-01,Weekend,62,802,0.928,62,802,0.928,864,,,2017,2,February
2017-02-01,7-Day,215,3482,0.942,278,3419,0.925,3697,7.0,99.8,2017,2,February
2017-03-01,Weekday,66,3361,0.981,104,3323,0.97,3427,,,2017,3,March
2017-03-01,AM Rush,9,428,0.979,9,428,0.979,437,,,2017,3,March
2017-03-01,PM Rush,8,590,0.987,37,561,0.938,598,,,2017,3,March
2017-03-01,Weekend,17,751,0.978,17,751,0.978,768,,,2017,3,March
2017-03-01,7-Day,83,4112,0.98,121,4074,0.971,4195,3.0,99.9,2017,3,March
2017-04-01,Weekday,42,2938,0.986,76,2904,0.974,2980,,,2017,4,April
2017-04-01,AM Rush,7,373,0.982,7,373,0.982,380,,,2017,4,April
2017-04-01,PM Rush,5,515,0.99,34,486,0.935,520,,,2017,4,April
2017-04-01,Weekend,61,899,0.936,63,897,0.934,960,,,2017,4,April
2017-04-01,7-Day,103,3837,0.974,139,3801,0.965,3940,1.0,100.0,2017,4,April
2017-05-01,Weekday,73,3207,0.978,114,3166,0.965,3280,,,2017,5,May
2017-05-01,AM Rush,0,418,1.0,0,418,1.0,418,,,2017,5,May
2017-05-01,PM Rush,26,546,0.955,55,517,0.904,572,,,2017,5,May
2017-05-01,Weekend,5,859,0.994,9,855,0.99,864,,,2017,5,May
2017-05-01,7-Day,78,4066,0.981,123,4021,0.97,4144,17.0,99.6,2017,5,May
2017-06-01,Weekday,47,3233,0.986,109,3171,0.967,3280,,,2017,6,June
2017-06-01,AM Rush,0,418,1.0,0,418,1.0,418,,,2017,6,June
2017-06-01,PM Rush,1,571,0.998,56,516,0.902,572,,,2017,6,June
2017-06-01,Weekend,30,738,0.961,36,732,0.953,768,,,2017,6,June
2017-06-01,7-Day,77,3971,0.981,145,3903,0.964,4048,2.0,100.0,2017,6,June
2017-07-01,Weekday,58,2924,0.981,105,2877,0.965,2982,,,2017,7,July
2017-07-01,AM Rush,10,370,0.974,10,370,0.974,380,,,2017,7,July
2017-07-01,PM Rush,0,520,1.0,40,480,0.923,520,,,2017,7,July
2017-07-01,Weekend,17,1039,0.984,18,1038,0.983,1056,,,2017,7,July
2017-07-01,7-Day,75,3963,0.981,123,3915,0.97,4038,1.0,100.0,2017,7,July
2017-08-01,Weekday,66,3361,0.981,152,3275,0.956,3427,,,2017,8,August
2017-08-01,AM Rush,6,431,0.986,6,431,0.986,437,,,2017,8,August
2017-08-01,PM Rush,11,587,0.982,85,513,0.858,598,,,2017,8,August
2017-08-01,Weekend,7,761,0.991,8,760,0.99,768,,,2017,8,August
2017-08-01,7-Day,73,4122,0.983,160,4035,0.962,4195,6.0,99.9,2017,8,August
2017-09-01,Weekday,36,2946,0.988,51,2931,0.983,2982,,,2017,9,September
2017-09-01,AM Rush,1,379,0.997,1,379,0.997,380,,,2017,9,September
2017-09-01,PM Rush,18,502,0.965,28,492,0.946,520,,,2017,9,September
2017-09-01,Weekend,5,955,0.995,5,955,0.995,960,,,2017,9,September
2017-09-01,7-Day,41,3901,0.99,56,3886,0.986,3942,4.0,99.9,2017,9,September
2017-10-01,Weekday,109,3169,0.967,148,3130,0.955,3278,,,2017,10,October
2017-10-01,AM Rush,19,399,0.955,19,399,0.955,418,,,2017,10,October
2017-10-01,PM Rush,20,552,0.965,48,524,0.916,572,,,2017,10,October
2017-10-01,Weekend,29,835,0.966,29,835,0.966,864,,,2017,10,October
2017-10-01,7-Day,138,4004,0.967,177,3965,0.957,4142,3.0,99.9,2017,10,October
2017-11-01,Weekday,354,2777,0.887,421,2710,0.866,3131,,,2017,11,November
2017-11-01,AM Rush,56,343,0.86,56,343,0.86,399,,,2017,11,November
2017-11-01,PM Rush,55,491,0.899,95,451,0.826,546,,,2017,11,November
2017-11-01,Weekend,54,810,0.938,55,809,0.936,864,,,2017,11,November
2017-11-01,7-Day,408,3587,0.898,476,3519,0.881,3995,3.0,99.9,2017,11,November
2017-12-01,Weekday,160,2824,0.946,208,2776,0.93,2984,,,2017,12,December
2017-12-01,AM Rush,12,368,0.968,12,368,0.968,380,,,2017,12,December
2017-12-01,PM Rush,32,488,0.938,65,455,0.875,520,,,2017,12,December
2017-12-01,Weekend,20,1036,0.981,20,1036,0.981,1056,,,2017,12,December
2017-12-01,7-Day,180,3860,0.955,228,3812,0.944,4040,2.0,100.0,2017,12,December
2018-01-01,Weekday,110,3168,0.966,149,3129,0.955,3278,,,2018,1,January
2018-01-01,AM Rush,26,392,0.938,26,392,0.938,418,,,2018,1,January
2018-01-01,PM Rush,18,554,0.969,50,522,0.913,572,,,2018,1,January
2018-01-01,Weekend,3,861,0.997,4,860,0.995,864,,,2018,1,January
2018-01-01,7-Day,113,4029,0.973,153,3989,0.963,4142,1.0,100.0,2018,1,January
2018-02-01,Weekday,55,2778,0.981,152,2681,0.946,2833,,,2018,2,February
2018-02-01,AM Rush,0,361,1.0,0,361,1.0,361,,,2018,2,February
2018-02-01,PM Rush,12,482,0.976,90,404,0.818,494,,,2018,2,February
2018-02-01,Weekend,20,844,0.977,20,844,0.977,864,,,2018,2,February
2018-02-01,7-Day,75,3622,0.98,172,3525,0.953,3697,3.0,99.9,2018,2,February
2018-03-01,Weekday,101,3177,0.969,205,3073,0.937,3278,,,2018,3,March
2018-03-01,AM Rush,13,405,0.969,13,405,0.969,418,,,2018,3,March
2018-03-01,PM Rush,29,543,0.949,112,460,0.804,572,,,2018,3,March
2018-03-01,Weekend,4,860,0.995,5,859,0.994,864,,,2018,3,March
2018-03-01,7-Day,105,4037,0.975,210,3932,0.949,4142,8.0,99.8,2018,3,March
2018-04-01,Weekday,65,3064,0.979,106,3023,0.966,3129,,,2018,4,April
2018-04-01,AM Rush,13,386,0.967,13,386,0.967,399,,,2018,4,April
2018-04-01,PM Rush,8,538,0.985,43,503,0.921,546,,,2018,4,April
2018-04-01,Weekend,4,860,0.995,4,860,0.995,864,,,2018,4,April
2018-04-01,7-Day,69,3924,0.983,110,3883,0.972,3993,1.0,100.0,2018,4,April
2018-05-01,Weekday,76,3204,0.977,112,3168,0.966,3280,,,2018,5,May
2018-05-01,AM Rush,3,415,0.993,3,415,0.993,418,,,2018,5,May
2018-05-01,PM Rush,22,550,0.962,46,526,0.92,572,,,2018,5,May
2018-05-01,Weekend,12,852,0.986,14,850,0.984,864,,,2018,5,May
2018-05-01,7-Day,88,4056,0.979,126,4018,0.97,4144,10.0,99.8,2018,5,May
2018-06-01,Weekday,127,3004,0.959,191,2940,0.939,3131,,,2018,6,June
2018-06-01,AM Rush,12,387,0.97,12,387,0.97,399,,,2018,6,June
2018-06-01,PM Rush,57,489,0.896,88,458,0.839,546,,,2018,6,June
2018-06-01,Weekend,5,859,0.994,5,859,0.994,864,,,2018,6,June
2018-06-01,7-Day,132,3863,0.967,196,3799,0.951,3995,16.0,99.6,2018,6,June
2018-07-01,Weekday,136,2995,0.957,230,2901,0.927,3131,,,2018,7,July
2018-07-01,AM Rush,6,393,0.985,6,393,0.985,399,,,2018,7,July
2018-07-01,PM Rush,38,508,0.93,123,423,0.775,546,,,2018,7,July
2018-07-01,Weekend,21,939,0.978,23,937,0.976,960,,,2018,7,July
2018-07-01,7-Day,157,3934,0.962,253,3838,0.938,4091,34.0,99.2,2018,7,July
2018-08-01,Weekday,71,3358,0.979,162,3267,0.953,3429,,,2018,8,August
2018-08-01,AM Rush,2,435,0.995,2,435,0.995,437,,,2018,8,August
2018-08-01,PM Rush,1,597,0.998,76,522,0.873,598,,,2018,8,August
2018-08-01,Weekend,13,755,0.983,15,753,0.98,768,,,2018,8,August
2018-08-01,7-Day,84,4113,0.98,177,4020,0.958,4197,0.0,100.0,2018,8,August
2018-09-01,Weekday,124,2707,0.956,200,2631,0.929,2831,,,2018,9,September
2018-09-01,AM Rush,5,356,0.986,5,356,0.986,361,,,2018,9,September
2018-09-01,PM Rush,9,485,0.982,79,415,0.84,494,,,2018,9,September
2018-09-01,Weekend,22,1034,0.979,25,1031,0.976,1056,,,2018,9,September
2018-09-01,7-Day,146,3741,0.962,225,3662,0.942,3887,22.0,99.4,2018,9,September
2018-10-01,Weekday,248,3179,0.928,336,3091,0.902,3427,,,2018,10,October
2018-10-01,AM Rush,13,424,0.97,13,424,0.97,437,,,2018,10,October
2018-10-01,PM Rush,33,565,0.945,102,496,0.829,598,,,2018,10,October
2018-10-01,Weekend,78,690,0.898,78,690,0.898,768,,,2018,10,October
2018-10-01,7-Day,326,3869,0.922,414,3781,0.901,4195,25.0,99.4,2018,10,October
2018-11-01,Weekday,476,2655,0.848,567,2564,0.819,3131,,,2018,11,November
2018-11-01,AM Rush,84,315,0.789,84,315,0.789,399,,,2018,11,November
2018-11-01,PM Rush,96,450,0.824,159,387,0.709,546,,,2018,11,November
2018-11-01,Weekend,68,796,0.921,68,796,0.921,864,,,2018,11,November
2018-11-01,7-Day,544,3451,0.864,635,3360,0.841,3995,33.0,99.2,2018,11,November
2018-12-01,Weekday,146,2842,0.951,188,2800,0.937,2988,,,2018,12,December
2018-12-01,AM Rush,10,370,0.974,10,370,0.974,380,,,2018,12,December
2018-12-01,PM Rush,8,512,0.985,37,483,0.929,520,,,2018,12,December
2018-12-01,Weekend,21,1035,0.98,21,1035,0.98,1056,,,2018,12,December
2018-12-01,7-Day,167,3877,0.959,209,3835,0.948,4044,0.0,100.0,2018,12,December
2019-01-01,Weekday,106,3172,0.968,142,3136,0.957,3278,,,2019,1,January
2019-01-01,AM Rush,10,408,0.976,10,408,0.976,418,,,2019,1,January
2019-01-01,PM Rush,42,530,0.927,74,498,0.871,572,,,2019,1,January
2019-01-01,Weekend,2,862,0.998,2,862,0.998,864,,,2019,1,January
2019-01-01,7-Day,108,4034,0.974,144,3998,0.965,4142,12.0,99.7,2019,1,January
2019-02-01,Weekday,62,2771,0.978,78,2755,0.972,2833,,,2019,2,February
2019-02-01,AM Rush,5,356,0.986,5,356,0.986,361,,,2019,2,February
2019-02-01,PM Rush,9,485,0.982,19,475,0.962,494,,,2019,2,February
2019-02-01,Weekend,70,794,0.919,70,794,0.919,864,,,2019,2,February
2019-02-01,7-Day,132,3565,0.964,148,3549,0.96,3697,7.0,99.8,2019,2,February
2019-03-01,Weekday,63,3066,0.98,93,3036,0.97,3129,,,2019,3,March
2019-03-01,AM Rush,11,388,0.972,11,388,0.972,399,,,2019,3,March
2019-03-01,PM Rush,5,541,0.991,28,518,0.949,546,,,2019,3,March
2019-03-01,Weekend,13,947,0.986,13,947,0.986,960,,,2019,3,March
2019-03-01,7-Day,76,4013,0.981,106,3983,0.974,4089,3.0,99.9,2019,3,March
2019-04-01,Weekday,74,3204,0.977,125,3153,0.962,3278,,,2019,4,April
2019-04-01,AM Rush,6,412,0.986,6,412,0.986,418,,,2019,4,April
2019-04-01,PM Rush,27,545,0.953,68,504,0.881,572,,,2019,4,April
2019-04-01,Weekend,9,759,0.988,10,758,0.987,768,,,2019,4,April
2019-04-01,7-Day,83,3963,0.979,135,3911,0.967,4046,9.0,99.8,2019,4,April
2019-05-01,Weekday,108,3172,0.967,141,3139,0.957,3280,,,2019,5,May
2019-05-01,AM Rush,0,418,1.0,0,418,1.0,418,,,2019,5,May
2019-05-01,PM Rush,53,519,0.907,76,496,0.867,572,,,2019,5,May
2019-05-01,Weekend,7,857,0.992,7,857,0.992,864,,,2019,5,May
2019-05-01,7-Day,115,4029,0.972,148,3996,0.964,4144,10.0,99.8,2019,5,May
2019-06-01,Weekday,61,2919,0.98,124,2856,0.958,2980,,,2019,6,June
2019-06-01,AM Rush,6,374,0.984,6,374,0.984,380,,,2019,6,June
2019-06-01,PM Rush,8,512,0.985,62,458,0.881,520,,,2019,6,June
2019-06-01,Weekend,21,939,0.978,21,939,0.978,960,,,2019,6,June
2019-06-01,7-Day,82,3858,0.979,145,3795,0.963,3940,4.0,99.9,2019,6,June
2019-07-01,Weekday,80,3200,0.976,127,3153,0.961,3280,,,2019,7,July
2019-07-01,AM Rush,2,416,0.995,2,416,0.995,418,,,2019,7,July
2019-07-01,PM Rush,25,547,0.956,66,506,0.885,572,,,2019,7,July
2019-07-01,Weekend,16,848,0.981,16,848,0.981,864,,,2019,7,July
2019-07-01,7-Day,96,4048,0.977,143,4001,0.965,4144,15.0,99.6,2019,7,July
2019-08-01,Weekday,127,3153,0.961,167,3113,0.949,3280,,,2019,8,August
2019-08-01,AM Rush,0,418,1.0,0,418,1.0,418,,,2019,8,August
2019-08-01,PM Rush,32,540,0.944,63,509,0.89,572,,,2019,8,August
2019-08-01,Weekend,10,854,0.988,10,854,0.988,864,,,2019,8,August
2019-08-01,7-Day,137,4007,0.967,177,3967,0.957,4144,15.0,99.6,2019,8,August
2019-09-01,Weekday,89,2891,0.97,174,2806,0.942,2980,,,2019,9,September
2019-09-01,AM Rush,0,380,1.0,0,380,1.0,380,,,2019,9,September
2019-09-01,PM Rush,13,507,0.975,89,431,0.829,520,,,2019,9,September
2019-09-01,Weekend,7,953,0.993,7,953,0.993,960,,,2019,9,September
2019-09-01,7-Day,96,3844,0.976,181,3759,0.954,3940,2.0,99.9,2019,9,September
2019-10-01,Weekday,315,3112,0.908,403,3024,0.882,3427,,,2019,10,October
2019-10-01,AM Rush,11,426,0.975,11,426,0.975,437,,,2019,10,October
2019-10-01,PM Rush,58,540,0.903,118,480,0.803,598,,,2019,10,October
2019-10-01,Weekend,19,749,0.975,19,749,0.975,768,,,2019,10,October
2019-10-01,7-Day,334,3861,0.92,422,3773,0.899,4195,11.0,99.7,2019,10,October
2019-11-01,Weekday,332,2650,0.889,403,2579,0.865,2982,,,2019,11,November
2019-11-01,AM Rush,49,331,0.871,49,331,0.871,380,,,2019,11,November
2019-11-01,PM Rush,78,442,0.85,116,404,0.777,520,,,2019,11,November
2019-11-01,Weekend,18,942,0.981,18,942,0.981,960,,,2019,11,November
2019-11-01,7-Day,350,3592,0.911,421,3521,0.893,3942,0.0,100.0,2019,11,November
2019-12-01,Weekday,233,2900,0.926,285,2848,0.909,3133,,,2019,12,December
2019-12-01,AM Rush,11,388,0.972,11,388,0.972,399,,,2019,12,December
2019-12-01,PM Rush,88,458,0.839,123,423,0.775,546,,,2019,12,December
2019-12-01,Weekend,23,937,0.976,23,937,0.976,960,,,2019,12,December
2019-12-01,7-Day,256,3837,0.937,308,3785,0.925,4093,28.0,99.3,2019,12,December
2020-01-01,Weekday,55,3223,0.983,72,3206,0.978,3278,,,2020,1,January
2020-01-01,AM Rush,0,418,1.0,0,418,1.0,418,,,2020,1,January
2020-01-01,PM Rush,9,563,0.984,26,546,0.955,572,,,2020,1,January
2020-01-01,Weekend,11,853,0.987,11,853,0.987,864,,,2020,1,January
2020-01-01,7-Day,66,4076,0.984,83,4059,0.98,4142,0.0,100.0,2020,1,January
2020-02-01,Weekday,46,2787,0.984,46,2787,0.984,2833,,,2020,2,February
2020-02-01,AM Rush,3,358,0.992,3,358,0.992,361,,,2020,2,February
2020-02-01,PM Rush,5,489,0.99,5,489,0.99,494,,,2020,2,February
2020-02-01,Weekend,18,942,0.981,18,942,0.981,960,,,2020,2,February
2020-02-01,7-Day,64,3729,0.983,64,3729,0.983,3793,3.0,99.9,2020,2,February
2020-03-01,Weekday,25,3253,0.992,25,3253,0.992,3278,,,2020,3,March
2020-03-01,AM Rush,0,418,1.0,0,418,1.0,418,,,2020,3,March
2020-03-01,PM Rush,8,564,0.986,8,564,0.986,572,,,2020,3,March
2020-03-01,Weekend,6,858,0.993,6,858,0.993,864,,,2020,3,March
2020-03-01,7-Day,31,4111,0.993,31,4111,0.993,4142,1.0,100.0,2020,3,March
2020-04-01,Weekday,37,1019,0.965,37,1019,0.965,1056,,,2020,4,April
2020-04-01,AM Rush,0,66,1.0,0,66,1.0,66,,,2020,4,April
2020-04-01,PM Rush,0,66,1.0,0,66,1.0,66,,,2020,4,April
2020-04-01,Weekend,10,374,0.974,10,374,0.974,384,,,2020,4,April
2020-04-01,7-Day,47,1393,0.967,47,1393,0.967,1440,1.0,99.9,2020,4,April
2020-05-01,Weekday,16,1044,0.985,16,1044,0.985,1060,,,2020,5,May
2020-05-01,AM Rush,0,30,1.0,0,30,1.0,30,,,2020,5,May
2020-05-01,PM Rush,0,42,1.0,0,42,1.0,42,,,2020,5,May
2020-05-01,Weekend,0,528,1.0,0,528,1.0,528,,,2020,5,May
2020-05-01,7-Day,16,1572,0.99,16,1572,0.99,1588,0.0,100.0,2020,5,May
2020-06-01,Weekday,40,1791,0.978,40,1791,0.978,1831,,,2020,6,June
2020-06-01,AM Rush,0,200,1.0,0,200,1.0,200,,,2020,6,June
2020-06-01,PM Rush,2,203,0.99,2,203,0.99,205,,,2020,6,June
2020-06-01,Weekend,4,524,0.992,4,524,0.992,528,,,2020,6,June
2020-06-01,7-Day,44,2315,0.981,44,2315,0.981,2359,0.0,100.0,2020,6,June
2020-07-01,Weekday,26,2892,0.991,26,2892,0.991,2918,,,2020,7,July
2020-07-01,AM Rush,0,400,1.0,0,400,1.0,400,,,2020,7,July
2020-07-01,PM Rush,2,538,0.996,2,538,0.996,540,,,2020,7,July
2020-07-01,Weekend,4,644,0.994,4,644,0.994,648,,,2020,7,July
2020-07-01,7-Day,30,3536,0.992,30,3536,0.992,3566,0.0,100.0,2020,7,July
2020-08-01,Weekday,106,2724,0.963,106,2724,0.963,2830,,,2020,8,August
2020-08-01,AM Rush,2,378,0.995,2,378,0.995,380,,,2020,8,August
2020-08-01,PM Rush,17,503,0.967,17,503,0.967,520,,,2020,8,August
2020-08-01,Weekend,6,714,0.992,6,714,0.992,720,,,2020,8,August
2020-08-01,7-Day,112,3438,0.968,112,3438,0.968,3550,4.0,99.9,2020,8,August
2020-09-01,Weekday,45,2832,0.984,45,2832,0.984,2877,,,2020,9,September
2020-09-01,AM Rush,1,398,0.997,1,398,0.997,399,,,2020,9,September
2020-09-01,PM Rush,7,539,0.987,7,539,0.987,546,,,2020,9,September
2020-09-01,Weekend,3,645,0.995,3,645,0.995,648,,,2020,9,September
2020-09-01,7-Day,48,3477,0.986,48,3477,0.986,3525,4.0,99.9,2020,9,September
2020-10-01,Weekday,76,2938,0.975,77,2937,0.974,3014,,,2020,10,October
2020-10-01,AM Rush,4,414,0.99,4,414,0.99,418,,,2020,10,October
2020-10-01,PM Rush,11,561,0.981,12,560,0.979,572,,,2020,10,October
2020-10-01,Weekend,21,627,0.968,21,627,0.968,648,,,2020,10,October
2020-10-01,7-Day,97,3565,0.974,98,3564,0.973,3662,0.0,100.0,2020,10,October
2020-11-01,Weekday,182,2558,0.934,183,2557,0.933,2740,,,2020,11,November
2020-11-01,AM Rush,33,347,0.913,33,347,0.913,380,,,2020,11,November
2020-11-01,PM Rush,14,506,0.973,14,506,0.973,520,,,2020,11,November
2020-11-01,Weekend,35,685,0.951,37,683,0.949,720,,,2020,11,November
2020-11-01,7-Day,217,3243,0.937,220,3240,0.936,3460,11.0,99.7,2020,11,November
2020-12-01,Weekday,86,2928,0.971,86,2928,0.971,3014,,,2020,12,December
2020-12-01,AM Rush,21,397,0.95,21,397,0.95,418,,,2020,12,December
2020-12-01,PM Rush,26,546,0.955,26,546,0.955,572,,,2020,12,December
2020-12-01,Weekend,6,714,0.992,6,714,0.992,720,,,2020,12,December
2020-12-01,7-Day,92,3642,0.975,92,3642,0.975,3734,11.0,99.7,2020,12,December
2021-01-01,Weekday,61,2679,0.978,61,2679,0.978,2740,,,2021,1,January
2021-01-01,AM Rush,10,370,0.974,10,370,0.974,380,,,2021,1,January
2021-01-01,PM Rush,21,499,0.96,21,499,0.96,520,,,2021,1,January
2021-01-01,Weekend,24,856,0.973,24,856,0.973,880,,,2021,1,January
2021-01-01,7-Day,85,3535,0.977,85,3535,0.977,3620,15.0,99.6,2021,1,January
2021-02-01,Weekday,132,2471,0.949,135,2468,0.948,2603,,,2021,2,February
2021-02-01,AM Rush,14,347,0.961,14,347,0.961,361,,,2021,2,February
2021-02-01,PM Rush,39,455,0.921,41,453,0.917,494,,,2021,2,February
2021-02-01,Weekend,2,718,0.997,2,718,0.997,720,,,2021,2,February
2021-02-01,7-Day,134,3189,0.96,137,3186,0.959,3323,26.0,99.2,2021,2,February
2021-03-01,Weekday,77,3074,0.976,77,3074,0.976,3151,,,2021,3,March
2021-03-01,AM Rush,6,431,0.986,6,431,0.986,437,,,2021,3,March
2021-03-01,PM Rush,38,560,0.936,38,560,0.936,598,,,2021,3,March
2021-03-01,Weekend,4,636,0.994,4,636,0.994,640,,,2021,3,March
2021-03-01,7-Day,81,3710,0.979,81,3710,0.979,3791,36.0,99.1,2021,3,March
2021-04-01,Weekday,36,2978,0.988,36,2978,0.988,3014,,,2021,4,April
2021-04-01,AM Rush,0,418,1.0,0,418,1.0,418,,,2021,4,April
2021-04-01,PM Rush,10,562,0.983,10,562,0.983,572,,,2021,4,April
2021-04-01,Weekend,10,630,0.984,10,630,0.984,640,,,2021,4,April
2021-04-01,7-Day,46,3608,0.987,46,3608,0.987,3654,3.0,99.9,2021,4,April
2021-05-01,Weekday,21,2719,0.992,21,2719,0.992,2740,,,2021,5,May
2021-05-01,AM Rush,0,380,1.0,0,380,1.0,380,,,2021,5,May
2021-05-01,PM Rush,2,518,0.996,2,518,0.996,520,,,2021,5,May
2021-05-01,Weekend,8,872,0.991,8,872,0.991,880,,,2021,5,May
2021-05-01,7-Day,29,3591,0.992,29,3591,0.992,3620,1.0,100.0,2021,5,May
2021-06-01,Weekday,85,2929,0.972,88,2926,0.971,3014,,,2021,6,June
2021-06-01,AM Rush,6,412,0.986,6,412,0.986,418,,,2021,6,June
2021-06-01,PM Rush,61,511,0.893,63,509,0.89,572,,,2021,6,June
2021-06-01,Weekend,0,640,1.0,0,640,1.0,640,,,2021,6,June
2021-06-01,7-Day,85,3569,0.977,88,3566,0.976,3654,41.0,98.9,2021,6,June
2021-07-01,Weekday,97,2780,0.966,98,2779,0.966,2877,,,2021,7,July
2021-07-01,AM Rush,8,391,0.98,8,391,0.98,399,,,2021,7,July
2021-07-01,PM Rush,42,504,0.923,42,504,0.923,546,,,2021,7,July
2021-07-01,Weekend,2,798,0.998,2,798,0.998,800,,,2021,7,July
2021-07-01,7-Day,99,3578,0.973,100,3577,0.973,3677,31.0,99.2,2021,7,July
2021-08-01,Weekday,96,3050,0.969,97,3049,0.969,3146,,,2021,8,August
2021-08-01,AM Rush,17,401,0.959,17,401,0.959,418,,,2021,8,August
2021-08-01,PM Rush,38,534,0.934,39,533,0.932,572,,,2021,8,August
2021-08-01,Weekend,14,770,0.982,14,770,0.982,784,,,2021,8,August
2021-08-01,7-Day,110,3820,0.972,111,3819,0.972,3930,47.0,98.8,2021,8,August
2021-09-01,Weekday,106,3023,0.966,106,3023,0.966,3129,,,2021,9,September
2021-09-01,AM Rush,18,381,0.955,18,381,0.955,399,,,2021,9,September
2021-09-01,PM Rush,48,498,0.912,48,498,0.912,546,,,2021,9,September
2021-09-01,Weekend,18,846,0.979,18,846,0.979,864,,,2021,9,September
2021-09-01,7-Day,124,3869,0.969,124,3869,0.969,3993,42.0,98.9,2021,9,September
2021-10-01,Weekday,122,3007,0.961,126,3003,0.96,3129,,,2021,10,October
2021-10-01,AM Rush,11,388,0.972,11,388,0.972,399,,,2021,10,October
2021-10-01,PM Rush,50,496,0.908,54,492,0.901,546,,,2021,10,October
2021-10-01,Weekend,22,938,0.977,22,938,0.977,960,,,2021,10,October
2021-10-01,7-Day,144,3945,0.965,148,3941,0.964,4089,48.0,98.8,2021,10,October
2021-11-01,Weekday,237,2892,0.924,245,2884,0.922,3129,,,2021,11,November
2021-11-01,AM Rush,36,363,0.91,36,363,0.91,399,,,2021,11,November
2021-11-01,PM Rush,82,464,0.85,88,458,0.839,546,,,2021,11,November
2021-11-01,Weekend,84,780,0.903,84,780,0.903,864,,,2021,11,November
2021-11-01,7-Day,321,3672,0.92,329,3664,0.918,3993,72.0,98.2,2021,11,November
2021-12-01,Weekday,135,3143,0.959,137,3141,0.958,3278,,,2021,12,December
2021-12-01,AM Rush,60,358,0.856,60,358,0.856,418,,,2021,12,December
2021-12-01,PM Rush,70,502,0.878,72,500,0.874,572,,,2021,12,December
2021-12-01,Weekend,10,854,0.988,10,854,0.988,864,,,2021,12,December
2021-12-01,7-Day,145,3997,0.965,147,3995,0.965,4142,67.0,98.4,2021,12,December
2022-01-01,Weekday,33,2214,0.985,33,2214,0.985,2247,,,2022,1,January
2022-01-01,AM Rush,0,105,1.0,0,105,1.0,105,,,2022,1,January
2022-01-01,PM Rush,5,184,0.974,5,184,0.974,189,,,2022,1,January
2022-01-01,Weekend,26,934,0.973,26,934,0.973,960,,,2022,1,January
2022-01-01,7-Day,59,3148,0.982,59,3148,0.982,3207,2.0,99.9,2022,1,January
2022-02-01,Weekday,61,2770,0.978,61,2770,0.978,2831,,,2022,2,February
2022-02-01,AM Rush,6,355,0.983,6,355,0.983,361,,,2022,2,February
2022-02-01,PM Rush,20,474,0.96,20,474,0.96,494,,,2022,2,February
2022-02-01,Weekend,4,860,0.995,4,860,0.995,864,,,2022,2,February
2022-02-01,7-Day,65,3630,0.982,65,3630,0.982,3695,13.0,99.6,2022,2,February
2022-03-01,Weekday,103,3324,0.97,103,3324,0.97,3427,,,2022,3,March
2022-03-01,AM Rush,16,421,0.963,16,421,0.963,437,,,2022,3,March
2022-03-01,PM Rush,45,553,0.925,45,553,0.925,598,,,2022,3,March
2022-03-01,Weekend,11,757,0.986,11,757,0.986,768,,,2022,3,March
2022-03-01,7-Day,114,4081,0.973,114,4081,0.973,4195,48.0,98.9,2022,3,March
2022-04-01,Weekday,157,2972,0.95,157,2972,0.95,3129,,,2022,4,April
2022-04-01,AM Rush,9,390,0.977,9,390,0.977,399,,,2022,4,April
2022-04-01,PM Rush,79,467,0.855,79,467,0.855,546,,,2022,4,April
2022-04-01,Weekend,17,847,0.98,17,847,0.98,864,,,2022,4,April
2022-04-01,7-Day,174,3819,0.956,174,3819,0.956,3993,50.0,98.7,2022,4,April
2022-05-01,Weekday,247,2882,0.921,257,2872,0.918,3129,,,2022,5,May
2022-05-01,AM Rush,51,348,0.872,51,348,0.872,399,,,2022,5,May
2022-05-01,PM Rush,107,439,0.804,116,430,0.788,546,,,2022,5,May
2022-05-01,Weekend,10,950,0.99,12,948,0.988,960,,,2022,5,May
2022-05-01,7-Day,257,3832,0.937,269,3820,0.934,4089,125.0,96.9,2022,5,May
2022-06-01,Weekday,155,3123,0.953,160,3118,0.951,3278,,,2022,6,June
2022-06-01,AM Rush,15,403,0.964,15,403,0.964,418,,,2022,6,June
2022-06-01,PM Rush,67,505,0.883,72,500,0.874,572,,,2022,6,June
2022-06-01,Weekend,3,765,0.996,3,765,0.996,768,,,2022,6,June
2022-06-01,7-Day,158,3888,0.961,163,3883,0.96,4046,54.0,98.7,2022,6,June
2022-07-01,Weekday,153,2827,0.949,164,2816,0.945,2980,,,2022,7,July
2022-07-01,AM Rush,14,366,0.963,14,366,0.963,380,,,2022,7,July
2022-07-01,PM Rush,63,457,0.879,70,450,0.865,520,,,2022,7,July
2022-07-01,Weekend,22,1034,0.979,22,1034,0.979,1056,,,2022,7,July
2022-07-01,7-Day,175,3861,0.957,186,3850,0.954,4036,56.0,98.6,2022,7,July
2022-08-01,Weekday,127,3300,0.963,135,3292,0.961,3427,,,2022,8,August
2022-08-01,AM Rush,11,426,0.975,11,426,0.975,437,,,2022,8,August
2022-08-01,PM Rush,51,547,0.915,59,539,0.901,598,,,2022,8,August
2022-08-01,Weekend,3,765,0.996,4,764,0.995,768,,,2022,8,August
2022-08-01,7-Day,130,4065,0.969,139,4056,0.967,4195,40.0,99.0,2022,8,August
2022-09-01,Weekday,22,3107,0.993,25,3104,0.992,3129,,,2022,9,September
2022-09-01,AM Rush,1,398,0.997,1,398,0.997,399,,,2022,9,September
2022-09-01,PM Rush,1,545,0.998,3,543,0.995,546,,,2022,9,September
2022-09-01,Weekend,11,853,0.987,11,853,0.987,864,,,2022,9,September
2022-09-01,7-Day,33,3960,0.992,36,3957,0.991,3993,11.0,99.7,2022,9,September
2022-10-01,Weekday,169,2960,0.946,182,2947,0.942,3129,,,2022,10,October
2022-10-01,AM Rush,11,388,0.972,11,388,0.972,399,,,2022,10,October
2022-10-01,PM Rush,30,516,0.945,41,505,0.925,546,,,2022,10,October
2022-10-01,Weekend,7,953,0.993,7,953,0.993,960,,,2022,10,October
2022-10-01,7-Day,176,3913,0.957,189,3900,0.954,4089,20.0,99.5,2022,10,October
2022-11-01,Weekday,320,2809,0.898,323,2806,0.897,3129,,,2022,11,November
2022-11-01,AM Rush,43,356,0.892,43,356,0.892,399,,,2022,11,November
2022-11-01,PM Rush,54,492,0.901,57,489,0.896,546,,,2022,11,November
2022-11-01,Weekend,86,778,0.9,86,778,0.9,864,,,2022,11,November
2022-11-01,7-Day,406,3587,0.898,409,3584,0.898,3993,25.0,99.4,2022,11,November
2022-12-01,Weekday,133,2996,0.957,147,2982,0.953,3129,,,2022,12,December
2022-12-01,AM Rush,17,382,0.957,17,382,0.957,399,,,2022,12,December
2022-12-01,PM Rush,21,525,0.962,32,514,0.941,546,,,2022,12,December
2022-12-01,Weekend,17,943,0.982,16,944,0.983,960,,,2022,12,December
2022-12-01,7-Day,150,3939,0.963,163,3926,0.96,4089,12.0,99.7,2022,12,December
2023-01-01,Weekday,35,3094,0.989,42,3087,0.987,3129,,,2023,1,January
2023-01-01,AM Rush,5,394,0.987,5,394,0.987,399,,,2023,1,January
2023-01-01,PM Rush,11,535,0.98,18,528,0.967,546,,,2023,1,January
2023-01-01,Weekend,5,955,0.995,6,954,0.994,960,,,2023,1,January
2023-01-01,7-Day,40,4049,0.99,48,4041,0.988,4089,9.0,99.8,2023,1,January
2023-02-01,Weekday,41,2790,0.986,42,2789,0.985,2831,,,2023,2,February
2023-02-01,AM Rush,1,360,0.997,1,360,0.997,361,,,2023,2,February
2023-02-01,PM Rush,9,485,0.982,10,484,0.98,494,,,2023,2,February
2023-02-01,Weekend,9,855,0.99,9,855,0.99,864,,,2023,2,February
2023-02-01,7-Day,50,3645,0.986,51,3644,0.986,3695,4.0,99.9,2023,2,February
2023-03-01,Weekday,54,3373,0.984,56,3371,0.984,3427,,,2023,3,March
2023-03-01,AM Rush,10,427,0.977,10,427,0.977,437,,,2023,3,March
2023-03-01,PM Rush,15,583,0.975,17,581,0.972,598,,,2023,3,March
2023-03-01,Weekend,9,759,0.988,19,749,0.975,768,,,2023,3,March
2023-03-01,7-Day,63,4132,0.985,75,4120,0.982,4195,15.0,99.6,2023,3,March
2023-04-01,Weekday,74,2906,0.975,81,2899,0.973,2980,,,2023,4,April
2023-04-01,AM Rush,1,379,0.997,1,379,0.997,380,,,2023,4,April
2023-04-01,PM Rush,8,512,0.985,14,506,0.973,520,,,2023,4,April
2023-04-01,Weekend,10,950,0.99,11,949,0.989,960,,,2023,4,April
2023-04-01,7-Day,84,3856,0.979,92,3848,0.977,3940,12.0,99.7,2023,4,April
2023-05-01,Weekday,110,3168,0.966,118,3160,0.964,3278,,,2023,5,May
2023-05-01,AM Rush,15,403,0.964,15,403,0.964,418,,,2023,5,May
2023-05-01,PM Rush,19,553,0.967,25,547,0.956,572,,,2023,5,May
2023-05-01,Weekend,8,856,0.991,9,855,0.99,864,,,2023,5,May
2023-05-01,7-Day,118,4024,0.972,127,4015,0.969,4142,26.0,99.4,2023,5,May
2023-06-01,Weekday,69,3209,0.979,75,3203,0.977,3278,,,2023,6,June
2023-06-01,AM Rush,10,408,0.976,10,408,0.976,418,,,2023,6,June
2023-06-01,PM Rush,15,557,0.974,21,551,0.963,572,,,2023,6,June
2023-06-01,Weekend,16,752,0.979,18,750,0.977,768,,,2023,6,June
2023-06-01,7-Day,85,3961,0.979,93,3953,0.977,4046,23.0,99.4,2023,6,June
2023-07-01,Weekday,50,2930,0.983,53,2927,0.982,2980,,,2023,7,July
2023-07-01,AM Rush,5,375,0.987,5,375,0.987,380,,,2023,7,July
2023-07-01,PM Rush,14,506,0.973,15,505,0.971,520,,,2023,7,July
2023-07-01,Weekend,25,1031,0.976,25,1031,0.976,1056,,,2023,7,July
2023-07-01,7-Day,75,3961,0.981,78,3958,0.981,4036,17.0,99.6,2023,7,July
2023-08-01,Weekday,27,3400,0.992,34,3393,0.99,3427,,,2023,8,August
2023-08-01,AM Rush,1,436,0.998,1,436,0.998,437,,,2023,8,August
2023-08-01,PM Rush,5,593,0.992,7,591,0.988,598,,,2023,8,August
2023-08-01,Weekend,7,761,0.991,7,761,0.991,768,,,2023,8,August
2023-08-01,7-Day,34,4161,0.992,41,4154,0.99,4195,2.0,100.0,2023,8,August
2023-09-01,Weekday,103,2877,0.965,112,2868,0.962,2980,,,2023,9,September
2023-09-01,AM Rush,6,374,0.984,6,374,0.984,380,,,2023,9,September
2023-09-01,PM Rush,43,477,0.917,52,468,0.9,520,,,2023,9,September
2023-09-01,Weekend,25,935,0.974,26,934,0.973,960,,,2023,9,September
2023-09-01,7-Day,128,3812,0.968,138,3802,0.965,3940,26.0,99.3,2023,9,September
2023-10-01,Weekday,130,3148,0.96,140,3138,0.957,3278,,,2023,10,October
2023-10-01,AM Rush,14,404,0.967,14,404,0.967,418,,,2023,10,October
2023-10-01,PM Rush,43,529,0.925,50,522,0.913,572,,,2023,10,October
2023-10-01,Weekend,56,808,0.935,57,807,0.934,864,,,2023,10,October
2023-10-01,7-Day,186,3956,0.955,197,3945,0.952,4142,16.0,99.6,2023,10,October
2023-11-01,Weekday,624,2505,0.801,638,2491,0.796,3129,,,2023,11,November
2023-11-01,AM Rush,125,274,0.687,125,274,0.687,399,,,2023,11,November
2023-11-01,PM Rush,150,396,0.725,162,384,0.703,546,,,2023,11,November
2023-11-01,Weekend,81,783,0.906,81,783,0.906,864,,,2023,11,November
2023-11-01,7-Day,705,3288,0.823,719,3274,0.82,3993,62.0,98.4,2023,11,November
2023-12-01,Weekday,249,2731,0.916,297,2683,0.9,2980,,,2023,12,December
2023-12-01,AM Rush,51,329,0.866,51,329,0.866,380,,,2023,12,December
2023-12-01,PM Rush,77,443,0.852,114,406,0.781,520,,,2023,12,December
2023-12-01,Weekend,37,1019,0.965,39,1017,0.963,1056,,,2023,12,December
2023-12-01,7-Day,286,3750,0.929,336,3700,0.917,4036,39.0,99.0,2023,12,December
2024-01-01,Weekday,121,3157,0.963,133,3145,0.959,3278,,,2024,1,January
2024-01-01,AM Rush,21,331,0.94,21,331,0.94,352,,,2024,1,January
2024-01-01,PM Rush,57,493,0.896,68,482,0.876,550,,,2024,1,January
2024-01-01,Weekend,14,850,0.984,15,849,0.983,864,,,2024,1,January
2024-01-01,7-Day,135,4007,0.967,148,3994,0.964,4142,41.0,99.0,2024,1,January
2024-02-01,Weekday,108,2872,0.964,112,2868,0.962,2980,,,2024,2,February
2024-02-01,AM Rush,32,348,0.916,32,348,0.916,380,,,2024,2,February
2024-02-01,PM Rush,28,492,0.946,31,489,0.94,520,,,2024,2,February
2024-02-01,Weekend,28,836,0.968,28,836,0.968,864,,,2024,2,February
2024-02-01,7-Day,136,3708,0.965,140,3704,0.964,3844,33.0,99.1,2024,2,February
2024-03-01,Weekday,60,3069,0.981,69,3060,0.978,3129,,,2024,3,March
2024-03-01,AM Rush,1,398,0.997,1,398,0.997,399,,,2024,3,March
2024-03-01,PM Rush,38,508,0.93,46,500,0.916,546,,,2024,3,March
2024-03-01,Weekend,62,898,0.935,63,897,0.934,960,,,2024,3,March
2024-03-01,7-Day,122,3967,0.97,132,3957,0.968,4089,19.0,99.5,2024,3,March
2024-04-01,Weekday,64,3214,0.98,79,3199,0.976,3278,,,2024,4,April
2024-04-01,AM Rush,11,407,0.974,11,407,0.974,418,,,2024,4,April
2024-04-01,PM Rush,23,549,0.96,38,534,0.934,572,,,2024,4,April
2024-04-01,Weekend,14,754,0.982,15,753,0.98,768,,,2024,4,April
2024-04-01,7-Day,78,3968,0.981,94,3952,0.977,4046,18.0,99.6,2024,4,April
2024-05-01,Weekday,70,3208,0.979,85,3193,0.974,3278,,,2024,5,May
2024-05-01,AM Rush,10,408,0.976,10,408,0.976,418,,,2024,5,May
2024-05-01,PM Rush,10,562,0.983,19,553,0.967,572,,,2024,5,May
2024-05-01,Weekend,17,847,0.98,19,845,0.978,864,,,2024,5,May
2024-05-01,7-Day,87,4055,0.979,104,4038,0.975,4142,4.0,99.9,2024,5,May
2024-06-01,Weekday,76,2755,0.973,89,2742,0.969,2831,,,2024,6,June
2024-06-01,AM Rush,1,360,0.997,1,360,0.997,361,,,2024,6,June
2024-06-01,PM Rush,32,462,0.935,38,456,0.923,494,,,2024,6,June
2024-06-01,Weekend,35,1021,0.967,35,1021,0.967,1056,,,2024,6,June
2024-06-01,7-Day,111,3776,0.971,124,3763,0.968,3887,13.0,99.7,2024,6,June
2024-07-01,Weekday,99,3179,0.97,114,3164,0.965,3278,,,2024,7,July
2024-07-01,AM Rush,9,409,0.978,9,409,0.978,418,,,2024,7,July
2024-07-01,PM Rush,46,526,0.92,58,514,0.899,572,,,2024,7,July
2024-07-01,Weekend,14,850,0.984,14,850,0.984,864,,,2024,7,July
2024-07-01,7-Day,113,4029,0.973,128,4014,0.969,4142,39.0,99.1,2024,7,July
2024-08-01,Weekday,38,3240,0.988,49,3229,0.985,3278,,,2024,8,August
2024-08-01,AM Rush,8,410,0.981,8,410,0.981,418,,,2024,8,August
2024-08-01,PM Rush,10,562,0.983,19,553,0.967,572,,,2024,8,August
2024-08-01,Weekend,24,840,0.972,26,838,0.97,864,,,2024,8,August
2024-08-01,7-Day,62,4080,0.985,75,4067,0.982,4142,3.0,99.9,2024,8,August
2024-09-01,Weekday,56,2924,0.981,63,2917,0.979,2980,,,2024,9,September
2024-09-01,AM Rush,3,377,0.992,3,377,0.992,380,,,2024,9,September
2024-09-01,PM Rush,17,503,0.967,20,500,0.962,520,,,2024,9,September
2024-09-01,Weekend,31,929,0.968,31,929,0.968,960,,,2024,9,September
2024-09-01,7-Day,87,3853,0.978,94,3846,0.976,3940,6.0,99.8,2024,9,September
2024-10-01,Weekday,292,3135,0.915,321,3106,0.906,3427,,,2024,10,October
2024-10-01,AM Rush,61,376,0.86,61,376,0.86,437,,,2024,10,October
2024-10-01,PM Rush,41,557,0.931,68,530,0.886,598,,,2024,10,October
2024-10-01,Weekend,17,751,0.978,18,750,0.977,768,,,2024,10,October
2024-10-01,7-Day,309,3886,0.926,339,3856,0.919,4195,31.0,99.3,2024,10,October
2024-11-01,Weekday,305,2824,0.903,329,2800,0.895,3129,,,2024,11,November
2024-11-01,AM Rush,75,324,0.812,75,324,0.812,399,,,2024,11,November
2024-11-01,PM Rush,47,499,0.914,67,479,0.877,546,,,2024,11,November
2024-11-01,Weekend,59,805,0.932,59,805,0.932,864,,,2024,11,November
2024-11-01,7-Day,364,3629,0.909,388,3605,0.903,3993,12.0,99.7,2024,11,November
2024-12-01,Weekday,138,2991,0.956,169,2960,0.946,3129,,,2024,12,December
2024-12-01,AM Rush,17,382,0.957,17,382,0.957,399,,,2024,12,December
2024-12-01,PM Rush,36,510,0.934,56,490,0.897,546,,,2024,12,December
2024-12-01,Weekend,23,937,0.976,23,937,0.976,960,,,2024,12,December
2024-12-01,7-Day,161,3928,0.961,192,3897,0.953,4089,9.0,99.8,2024,12,December
2025-01-01,Weekday,72,3206,0.978,78,3200,0.976,3278,,,2025,1,January
2025-01-01,AM Rush,20,398,0.952,20,398,0.952,418,,,2025,1,January
2025-01-01,PM Rush,8,590,0.987,12,586,0.98,598,,,2025,1,January
2025-01-01,Weekend,21,843,0.976,21,843,0.976,864,,,2025,1,January
2025-01-01,7-Day,93,4049,0.978,99,4043,0.976,4142,16.0,99.6,2025,1,January
2025-02-01,Weekday,86,2745,0.97,89,2742,0.969,2831,,,2025,2,February
2025-02-01,AM Rush,16,345,0.956,16,345,0.956,361,,,2025,2,February
2025-02-01,PM Rush,16,504,0.969,16,504,0.969,520,,,2025,2,February
2025-02-01,Weekend,109,755,0.874,109,755,0.874,864,,,2025,2,February
2025-02-01,7-Day,195,3500,0.947,198,3497,0.946,3695,26.0,99.3,2025,2,February
2025-03-01,Weekday,91,3038,0.971,91,3038,0.971,3129,,,2025,3,March
2025-03-01,AM Rush,11,388,0.972,11,388,0.972,399,,,2025,3,March
2025-03-01,PM Rush,22,524,0.96,22,524,0.96,546,,,2025,3,March
2025-03-01,Weekend,21,939,0.978,21,939,0.978,960,,,2025,3,March
2025-03-01,7-Day,112,3977,0.973,112,3977,0.973,4089,20.0,99.5,2025,3,March
2025-04-01,Weekday,101,3177,0.969,103,3175,0.969,3278,,,2025,4,April
2025-04-01,AM Rush,3,415,0.993,3,415,0.993,418,,,2025,4,April
2025-04-01,PM Rush,45,527,0.921,45,527,0.921,572,,,2025,4,April
2025-04-01,Weekend,11,757,0.986,11,757,0.986,768,,,2025,4,April
2025-04-01,7-Day,112,3934,0.972,114,3932,0.972,4046,36.0,99.1,2025,4,April
2025-05-01,Weekday,19,3259,0.994,21,3257,0.994,3278,,,2025,5,May
2025-05-01,AM Rush,3,415,0.993,3,415,0.993,418,,,2025,5,May
2025-05-01,PM Rush,1,597,0.998,3,595,0.995,598,,,2025,5,May
2025-05-01,Weekend,33,831,0.962,36,828,0.958,864,,,2025,5,May
2025-05-01,7-Day,52,4090,0.987,57,4085,0.986,4142,3.0,99.9,2025,5,May
2025-06-01,Weekday,96,3033,0.969,101,3028,0.968,3129,,,2025,6,June
2025-06-01,AM Rush,6,393,0.985,6,393,0.985,399,,,2025,6,June
2025-06-01,PM Rush,19,501,0.963,19,501,0.963,520,,,2025,6,June
2025-06-01,Weekend,15,849,0.983,15,849,0.983,864,,,2025,6,June
2025-06-01,7-Day,111,3882,0.972,116,3877,0.971,3993,15.0,99.6,2025,6,June
2025-07-01,Weekday,123,3155,0.962,126,3152,0.962,3278,,,2025,7,July
2025-07-01,AM Rush,5,413,0.988,5,413,0.988,418,,,2025,7,July
2025-07-01,PM Rush,29,569,0.952,30,568,0.95,598,,,2025,7,July
2025-07-01,Weekend,5,859,0.994,6,858,0.993,864,,,2025,7,July
2025-07-01,7-Day,128,4014,0.969,132,4010,0.968,4142,31.0,99.3,2025,7,July
2025-08-01,Weekday,121,3008,0.961,121,3008,0.961,3129,,,2025,8,August
2025-08-01,AM Rush,14,385,0.965,14,385,0.965,399,,,2025,8,August
2025-08-01,PM Rush,8,564,0.986,8,564,0.986,572,,,2025,8,August
2025-08-01,Weekend,16,944,0.983,16,944,0.983,960,,,2025,8,August
2025-08-01,7-Day,137,3952,0.966,137,3952,0.966,4089,6.0,99.9,2025,8,August
2025-09-01,Weekday,52,3077,0.983,56,3073,0.982,3129,,,2025,9,September
2025-09-01,AM Rush,13,386,0.967,13,386,0.967,399,,,2025,9,September
2025-09-01,PM Rush,0,546,1.0,2,544,0.996,546,,,2025,9,September
2025-09-01,Weekend,2,862,0.998,3,861,0.997,864,,,2025,9,September
2025-09-01,7-Day,54,3939,0.986,59,3934,0.985,3993,4.0,99.9,2025,9,September
2025-10-01,Weekday,102,3325,0.97,110,3317,0.968,3427,,,2025,10,October
2025-10-01,AM Rush,23,414,0.947,23,414,0.947,437,,,2025,10,October
2025-10-01,PM Rush,14,584,0.977,21,577,0.965,598,,,2025,10,October
2025-10-01,Weekend,5,763,0.993,5,763,0.993,768,,,2025,10,October
2025-10-01,7-Day,107,4088,0.974,115,4080,0.973,4195,13.0,99.7,2025,10,October
2025-11-01,Weekday,249,2582,0.912,252,2579,0.911,2831,,,2025,11,November
2025-11-01,AM Rush,29,332,0.92,29,332,0.92,361,,,2025,11,November
2025-11-01,PM Rush,83,463,0.848,86,460,0.842,546,,,2025,11,November
2025-11-01,Weekend,54,1002,0.949,59,997,0.944,1056,,,2025,11,November
2025-11-01,7-Day,303,3584,0.922,311,3576,0.92,3887,54.0,98.6,2025,11,November
2025-12-01,Weekday,70,3208,0.979,77,3201,0.977,3278,,,2025,12,December
2025-12-01,AM Rush,7,411,0.983,7,411,0.983,418,,,2025,12,December
2025-12-01,PM Rush,24,548,0.958,29,543,0.949,572,,,2025,12,December
2025-12-01,Weekend,11,853,0.987,11,853,0.987,864,,,2025,12,December
2025-12-01,7-Day,81,4061,0.98,88,4054,0.979,4142,16.0,99.6,2025,12,December
2026-01-01,Weekday,100,3029,0.968,102,3027,0.967,3129,,,2026,1,January
2026-01-01,AM Rush,10,389,0.975,10,389,0.975,399,,,2026,1,January
2026-01-01,PM Rush,26,572,0.957,27,571,0.955,598,,,2026,1,January
2026-01-01,Weekend,49,911,0.949,49,911,0.949,960,,,2026,1,January
2026-01-01,7-Day,149,3940,0.964,151,3938,0.963,4089,20.0,99.5,2026,1,January
